nohup: ввод игнорируется
2026-09-25 18:25:58,526 [INFO] tiktok-bot: Бот запущен
2026-09-25 18:25:58,526 [INFO] aiogram.dispatcher: Start polling
2026-09-25 18:25:58,953 [INFO] aiogram.dispatcher: Run polling for bot @videotoyou_bot id=8707195513 - 'Скачать видео по ссылке | TikTok'
2026-09-25 18:26:00,382 [INFO] aiogram.event: Update id=983810862 is handled. Duration 213 ms by bot id=8707195513
2026-09-26 05:30:49,257 [ERROR] aiogram.dispatcher: Failed to fetch updates - TelegramNetworkError: HTTP Client says - Request timeout error
2026-09-26 05:30:49,259 [WARNING] aiogram.dispatcher: Sleep for 1.000000 seconds and try again... (tryings = 0, bot id = 8707195513)
2026-09-26 05:32:01,241 [ERROR] aiogram.dispatcher: Failed to fetch updates - TelegramNetworkError: HTTP Client says - Request timeout error
2026-09-26 05:32:01,242 [WARNING] aiogram.dispatcher: Sleep for 1.543536 seconds and try again... (tryings = 1, bot id = 8707195513)
2026-09-26 05:32:13,225 [INFO] aiogram.dispatcher: Connection established (tryings = 2, bot id = 8707195513)
2026-09-26 09:34:23,266 [ERROR] aiogram.dispatcher: Failed to fetch updates - TelegramNetworkError: HTTP Client says - Request timeout error
2026-09-26 09:34:23,267 [WARNING] aiogram.dispatcher: Sleep for 1.000000 seconds and try again... (tryings = 0, bot id = 8707195513)
2026-09-26 09:34:34,441 [INFO] aiogram.dispatcher: Connection established (tryings = 1, bot id = 8707195513)
2026-09-26 10:35:45,271 [ERROR] aiogram.dispatcher: Failed to fetch updates - TelegramNetworkError: HTTP Client says - Request timeout error
2026-09-26 10:35:45,271 [WARNING] aiogram.dispatcher: Sleep for 1.000000 seconds and try again... (tryings = 0, bot id = 8707195513)
2026-09-26 10:35:56,424 [INFO] aiogram.dispatcher: Connection established (tryings = 1, bot id = 8707195513)
2026-09-26 23:40:13,229 [ERROR] aiogram.dispatcher: Failed to fetch updates - TelegramNetworkError: HTTP Client says - Request timeout error
2026-09-26 23:40:13,231 [WARNING] aiogram.dispatcher: Sleep for 1.000000 seconds and try again... (tryings = 0, bot id = 8707195513)
2026-09-26 23:40:24,403 [INFO] aiogram.dispatcher: Connection established (tryings = 1, bot id = 8707195513)
2026-09-27 11:38:56,319 [ERROR] aiogram.dispatcher: Failed to fetch updates - TelegramNetworkError: HTTP Client says - Request timeout error
2026-09-27 11:38:56,319 [WARNING] aiogram.dispatcher: Sleep for 1.000000 seconds and try again... (tryings = 0, bot id = 8707195513)
2026-09-27 11:40:08,243 [ERROR] aiogram.dispatcher: Failed to fetch updates - TelegramNetworkError: HTTP Client says - Request timeout error
2026-09-27 11:40:08,243 [WARNING] aiogram.dispatcher: Sleep for 1.379508 seconds and try again... (tryings = 1, bot id = 8707195513)
2026-09-27 11:41:20,270 [ERROR] aiogram.dispatcher: Failed to fetch updates - TelegramNetworkError: HTTP Client says - Request timeout error
2026-09-27 11:41:20,270 [WARNING] aiogram.dispatcher: Sleep for 1.838749 seconds and try again... (tryings = 2, bot id = 8707195513)
2026-09-27 11:42:32,255 [ERROR] aiogram.dispatcher: Failed to fetch updates - TelegramNetworkError: HTTP Client says - Request timeout error
2026-09-27 11:42:32,255 [WARNING] aiogram.dispatcher: Sleep for 2.390985 seconds and try again... (tryings = 3, bot id = 8707195513)
2026-09-27 11:43:45,270 [ERROR] aiogram.dispatcher: Failed to fetch updates - TelegramNetworkError: HTTP Client says - Request timeout error
2026-09-27 11:43:45,271 [WARNING] aiogram.dispatcher: Sleep for 3.144490 seconds and try again... (tryings = 4, bot id = 8707195513)
2026-09-27 11:44:30,460 [INFO] aiogram.dispatcher: Connection established (tryings = 5, bot id = 8707195513)
2026-09-27 18:47:47,270 [ERROR] aiogram.dispatcher: Failed to fetch updates - TelegramNetworkError: HTTP Client says - Request timeout error
2026-09-27 18:47:47,271 [WARNING] aiogram.dispatcher: Sleep for 1.000000 seconds and try again... (tryings = 0, bot id = 8707195513)
2026-09-27 18:47:58,613 [INFO] aiogram.dispatcher: Connection established (tryings = 1, bot id = 8707195513)
2026-09-28 09:52:53,270 [ERROR] aiogram.dispatcher: Failed to fetch updates - TelegramNetworkError: HTTP Client says - Request timeout error
2026-09-28 09:52:53,271 [WARNING] aiogram.dispatcher: Sleep for 1.000000 seconds and try again... (tryings = 0, bot id = 8707195513)
2026-09-28 09:53:04,462 [INFO] aiogram.dispatcher: Connection established (tryings = 1, bot id = 8707195513)
2026-09-28 10:42:22,268 [ERROR] aiogram.dispatcher: Failed to fetch updates - TelegramNetworkError: HTTP Client says - Request timeout error
2026-09-28 10:42:22,268 [WARNING] aiogram.dispatcher: Sleep for 1.000000 seconds and try again... (tryings = 0, bot id = 8707195513)
2026-09-28 10:42:33,681 [INFO] aiogram.dispatcher: Connection established (tryings = 1, bot id = 8707195513)
2026-09-28 10:48:26,258 [ERROR] aiogram.dispatcher: Failed to fetch updates - TelegramNetworkError: HTTP Client says - Request timeout error
2026-09-28 10:48:26,258 [WARNING] aiogram.dispatcher: Sleep for 1.000000 seconds and try again... (tryings = 0, bot id = 8707195513)
2026-09-28 10:49:38,275 [ERROR] aiogram.dispatcher: Failed to fetch updates - TelegramNetworkError: HTTP Client says - Request timeout error
2026-09-28 10:49:38,276 [WARNING] aiogram.dispatcher: Sleep for 1.164614 seconds and try again... (tryings = 1, bot id = 8707195513)
2026-09-28 10:49:50,897 [INFO] aiogram.dispatcher: Connection established (tryings = 2, bot id = 8707195513)
2026-09-28 10:51:01,257 [ERROR] aiogram.dispatcher: Failed to fetch updates - TelegramNetworkError: HTTP Client says - Request timeout error
2026-09-28 10:51:01,257 [WARNING] aiogram.dispatcher: Sleep for 1.000000 seconds and try again... (tryings = 0, bot id = 8707195513)
2026-09-28 10:51:12,419 [INFO] aiogram.dispatcher: Connection established (tryings = 1, bot id = 8707195513)
2026-09-28 10:53:22,257 [ERROR] aiogram.dispatcher: Failed to fetch updates - TelegramNetworkError: HTTP Client says - Request timeout error
2026-09-28 10:53:22,257 [WARNING] aiogram.dispatcher: Sleep for 1.000000 seconds and try again... (tryings = 0, bot id = 8707195513)
2026-09-28 10:54:34,274 [ERROR] aiogram.dispatcher: Failed to fetch updates - TelegramNetworkError: HTTP Client says - Request timeout error
2026-09-28 10:54:34,274 [WARNING] aiogram.dispatcher: Sleep for 1.456987 seconds and try again... (tryings = 1, bot id = 8707195513)
2026-09-28 10:55:46,209 [ERROR] aiogram.dispatcher: Failed to fetch updates - TelegramNetworkError: HTTP Client says - Request timeout error
2026-09-28 10:55:46,209 [WARNING] aiogram.dispatcher: Sleep for 1.891959 seconds and try again... (tryings = 2, bot id = 8707195513)
2026-09-28 10:56:58,208 [ERROR] aiogram.dispatcher: Failed to fetch updates - TelegramNetworkError: HTTP Client says - Request timeout error
2026-09-28 10:56:58,208 [WARNING] aiogram.dispatcher: Sleep for 2.387120 seconds and try again... (tryings = 3, bot id = 8707195513)
2026-09-28 10:58:11,243 [ERROR] aiogram.dispatcher: Failed to fetch updates - TelegramNetworkError: HTTP Client says - Request timeout error
2026-09-28 10:58:11,243 [WARNING] aiogram.dispatcher: Sleep for 3.157951 seconds and try again... (tryings = 4, bot id = 8707195513)
2026-09-28 10:58:24,826 [INFO] aiogram.dispatcher: Connection established (tryings = 5, bot id = 8707195513)
2026-09-28 10:59:35,258 [ERROR] aiogram.dispatcher: Failed to fetch updates - TelegramNetworkError: HTTP Client says - Request timeout error
2026-09-28 10:59:35,258 [WARNING] aiogram.dispatcher: Sleep for 1.000000 seconds and try again... (tryings = 0, bot id = 8707195513)
2026-09-28 10:59:46,415 [INFO] aiogram.dispatcher: Connection established (tryings = 1, bot id = 8707195513)
2026-09-28 11:00:57,257 [ERROR] aiogram.dispatcher: Failed to fetch updates - TelegramNetworkError: HTTP Client says - Request timeout error
2026-09-28 11:00:57,257 [WARNING] aiogram.dispatcher: Sleep for 1.000000 seconds and try again... (tryings = 0, bot id = 8707195513)
2026-09-28 11:01:08,693 [INFO] aiogram.dispatcher: Connection established (tryings = 1, bot id = 8707195513)
2026-09-28 11:02:19,259 [ERROR] aiogram.dispatcher: Failed to fetch updates - TelegramNetworkError: HTTP Client says - Request timeout error
2026-09-28 11:02:19,259 [WARNING] aiogram.dispatcher: Sleep for 1.000000 seconds and try again... (tryings = 0, bot id = 8707195513)
2026-09-28 11:02:45,751 [INFO] aiogram.dispatcher: Connection established (tryings = 1, bot id = 8707195513)
2026-09-28 11:03:56,258 [ERROR] aiogram.dispatcher: Failed to fetch updates - TelegramNetworkError: HTTP Client says - Request timeout error
2026-09-28 11:03:56,258 [WARNING] aiogram.dispatcher: Sleep for 1.000000 seconds and try again... (tryings = 0, bot id = 8707195513)
2026-09-28 11:05:08,271 [ERROR] aiogram.dispatcher: Failed to fetch updates - TelegramNetworkError: HTTP Client says - Request timeout error
2026-09-28 11:05:08,271 [WARNING] aiogram.dispatcher: Sleep for 1.269596 seconds and try again... (tryings = 1, bot id = 8707195513)
2026-09-28 11:05:20,756 [INFO] aiogram.dispatcher: Connection established (tryings = 2, bot id = 8707195513)
2026-09-28 11:06:31,210 [ERROR] aiogram.dispatcher: Failed to fetch updates - TelegramNetworkError: HTTP Client says - Request timeout error
2026-09-28 11:06:31,210 [WARNING] aiogram.dispatcher: Sleep for 1.000000 seconds and try again... (tryings = 0, bot id = 8707195513)
2026-09-28 11:07:43,206 [ERROR] aiogram.dispatcher: Failed to fetch updates - TelegramNetworkError: HTTP Client says - Request timeout error
2026-09-28 11:07:43,206 [WARNING] aiogram.dispatcher: Sleep for 1.391464 seconds and try again... (tryings = 1, bot id = 8707195513)
2026-09-28 11:08:36,847 [INFO] aiogram.dispatcher: Connection established (tryings = 2, bot id = 8707195513)
2026-09-28 11:09:57,270 [ERROR] aiogram.dispatcher: Failed to fetch updates - TelegramNetworkError: HTTP Client says - Request timeout error
2026-09-28 11:09:57,270 [WARNING] aiogram.dispatcher: Sleep for 1.000000 seconds and try again... (tryings = 0, bot id = 8707195513)
2026-09-28 11:10:46,195 [INFO] aiogram.dispatcher: Connection established (tryings = 1, bot id = 8707195513)
2026-09-28 11:12:07,269 [ERROR] aiogram.dispatcher: Failed to fetch updates - TelegramNetworkError: HTTP Client says - Request timeout error
2026-09-28 11:12:07,270 [WARNING] aiogram.dispatcher: Sleep for 1.000000 seconds and try again... (tryings = 0, bot id = 8707195513)
2026-09-28 11:13:19,275 [ERROR] aiogram.dispatcher: Failed to fetch updates - TelegramNetworkError: HTTP Client says - Request timeout error
2026-09-28 11:13:19,275 [WARNING] aiogram.dispatcher: Sleep for 1.266551 seconds and try again... (tryings = 1, bot id = 8707195513)
2026-09-28 11:13:34,122 [INFO] aiogram.dispatcher: Connection established (tryings = 2, bot id = 8707195513)
2026-09-28 11:14:44,257 [ERROR] aiogram.dispatcher: Failed to fetch updates - TelegramNetworkError: HTTP Client says - Request timeout error
2026-09-28 11:14:44,257 [WARNING] aiogram.dispatcher: Sleep for 1.000000 seconds and try again... (tryings = 0, bot id = 8707195513)
2026-09-28 11:15:10,724 [INFO] aiogram.dispatcher: Connection established (tryings = 1, bot id = 8707195513)
2026-09-28 11:16:21,259 [ERROR] aiogram.dispatcher: Failed to fetch updates - TelegramNetworkError: HTTP Client says - Request timeout error
2026-09-28 11:16:21,260 [WARNING] aiogram.dispatcher: Sleep for 1.000000 seconds and try again... (tryings = 0, bot id = 8707195513)
2026-09-28 11:17:33,242 [ERROR] aiogram.dispatcher: Failed to fetch updates - TelegramNetworkError: HTTP Client says - Request timeout error
2026-09-28 11:17:33,242 [WARNING] aiogram.dispatcher: Sleep for 1.331556 seconds and try again... (tryings = 1, bot id = 8707195513)
2026-09-28 11:18:45,270 [ERROR] aiogram.dispatcher: Failed to fetch updates - TelegramNetworkError: HTTP Client says - Request timeout error
2026-09-28 11:18:45,270 [WARNING] aiogram.dispatcher: Sleep for 1.625723 seconds and try again... (tryings = 2, bot id = 8707195513)
2026-09-28 11:19:04,443 [INFO] aiogram.dispatcher: Connection established (tryings = 3, bot id = 8707195513)
2026-09-28 11:20:15,233 [ERROR] aiogram.dispatcher: Failed to fetch updates - TelegramNetworkError: HTTP Client says - Request timeout error
2026-09-28 11:20:15,233 [WARNING] aiogram.dispatcher: Sleep for 1.000000 seconds and try again... (tryings = 0, bot id = 8707195513)
2026-09-28 11:21:27,272 [ERROR] aiogram.dispatcher: Failed to fetch updates - TelegramNetworkError: HTTP Client says - Request timeout error
2026-09-28 11:21:27,272 [WARNING] aiogram.dispatcher: Sleep for 1.234859 seconds and try again... (tryings = 1, bot id = 8707195513)
2026-09-28 11:21:54,155 [INFO] aiogram.dispatcher: Connection established (tryings = 2, bot id = 8707195513)
2026-09-28 11:23:04,259 [ERROR] aiogram.dispatcher: Failed to fetch updates - TelegramNetworkError: HTTP Client says - Request timeout error
2026-09-28 11:23:04,260 [WARNING] aiogram.dispatcher: Sleep for 1.000000 seconds and try again... (tryings = 0, bot id = 8707195513)
2026-09-28 11:23:22,551 [INFO] aiogram.dispatcher: Connection established (tryings = 1, bot id = 8707195513)
2026-09-28 11:28:24,269 [ERROR] aiogram.dispatcher: Failed to fetch updates - TelegramNetworkError: HTTP Client says - Request timeout error
2026-09-28 11:28:24,269 [WARNING] aiogram.dispatcher: Sleep for 1.000000 seconds and try again... (tryings = 0, bot id = 8707195513)
2026-09-28 11:29:36,015 [INFO] aiogram.dispatcher: Connection established (tryings = 1, bot id = 8707195513)
2026-09-28 11:36:28,270 [ERROR] aiogram.dispatcher: Failed to fetch updates - TelegramNetworkError: HTTP Client says - Request timeout error
2026-09-28 11:36:28,273 [WARNING] aiogram.dispatcher: Sleep for 1.000000 seconds and try again... (tryings = 0, bot id = 8707195513)
2026-09-28 11:36:54,758 [INFO] aiogram.dispatcher: Connection established (tryings = 1, bot id = 8707195513)
2026-09-28 11:38:05,259 [ERROR] aiogram.dispatcher: Failed to fetch updates - TelegramNetworkError: HTTP Client says - Request timeout error
2026-09-28 11:38:05,259 [WARNING] aiogram.dispatcher: Sleep for 1.000000 seconds and try again... (tryings = 0, bot id = 8707195513)
2026-09-28 11:38:16,666 [INFO] aiogram.dispatcher: Connection established (tryings = 1, bot id = 8707195513)
2026-09-28 11:39:27,258 [ERROR] aiogram.dispatcher: Failed to fetch updates - TelegramNetworkError: HTTP Client says - Request timeout error
2026-09-28 11:39:27,258 [WARNING] aiogram.dispatcher: Sleep for 1.000000 seconds and try again... (tryings = 0, bot id = 8707195513)
2026-09-28 11:39:38,430 [INFO] aiogram.dispatcher: Connection established (tryings = 1, bot id = 8707195513)
2026-09-28 12:17:25,992 [ERROR] aiogram.dispatcher: Failed to fetch updates - TelegramNetworkError: HTTP Client says - ClientOSError: [Errno 104] Connection reset by peer
2026-09-28 12:17:25,992 [WARNING] aiogram.dispatcher: Sleep for 1.000000 seconds and try again... (tryings = 0, bot id = 8707195513)
2026-09-28 12:17:37,434 [INFO] aiogram.dispatcher: Connection established (tryings = 1, bot id = 8707195513)
2026-09-28 17:19:52,217 [ERROR] aiogram.dispatcher: Failed to fetch updates - TelegramNetworkError: HTTP Client says - Request timeout error
2026-09-28 17:19:52,218 [WARNING] aiogram.dispatcher: Sleep for 1.000000 seconds and try again... (tryings = 0, bot id = 8707195513)
2026-09-28 17:20:03,381 [INFO] aiogram.dispatcher: Connection established (tryings = 1, bot id = 8707195513)
2026-09-28 22:22:16,242 [ERROR] aiogram.dispatcher: Failed to fetch updates - TelegramNetworkError: HTTP Client says - Request timeout error
2026-09-28 22:22:16,243 [WARNING] aiogram.dispatcher: Sleep for 1.000000 seconds and try again... (tryings = 0, bot id = 8707195513)
2026-09-28 22:22:27,398 [INFO] aiogram.dispatcher: Connection established (tryings = 1, bot id = 8707195513)
2026-09-29 06:38:48,264 [ERROR] aiogram.dispatcher: Failed to fetch updates - TelegramNetworkError: HTTP Client says - Request timeout error
2026-09-29 06:38:48,265 [WARNING] aiogram.dispatcher: Sleep for 1.000000 seconds and try again... (tryings = 0, bot id = 8707195513)
2026-09-29 06:38:59,431 [INFO] aiogram.dispatcher: Connection established (tryings = 1, bot id = 8707195513)
2026-09-29 15:38:11,205 [INFO] aiogram.event: Update id=983810863 is not handled. Duration 60547 ms by bot id=8707195513
2026-09-29 15:38:11,206 [ERROR] aiogram.event: Cause exception while process update id=983810863 by bot id=8707195513
TelegramNetworkError: HTTP Client says - Request timeout error
Traceback (most recent call last):
  File "/var/www/u3115271/data/video_downloader/venv/lib64/python3.12/site-packages/aiohttp/client.py", line 858, in _request
    resp = await handler(req)
           ^^^^^^^^^^^^^^^^^^
  File "/var/www/u3115271/data/video_downloader/venv/lib64/python3.12/site-packages/aiohttp/client.py", line 812, in _connect_and_send_request
    conn = await self._connector.connect(
           ^^^^^^^^^^^^^^^^^^^^^^^^^^^^^^
  File "/var/www/u3115271/data/video_downloader/venv/lib64/python3.12/site-packages/aiohttp/connector.py", line 657, in connect
    proto = await self._create_connection(req, traces, timeout)
            ^^^^^^^^^^^^^^^^^^^^^^^^^^^^^^^^^^^^^^^^^^^^^^^^^^^
  File "/var/www/u3115271/data/video_downloader/venv/lib64/python3.12/site-packages/aiohttp/connector.py", line 1242, in _create_connection
    _, proto = await self._create_direct_connection(req, traces, timeout)
               ^^^^^^^^^^^^^^^^^^^^^^^^^^^^^^^^^^^^^^^^^^^^^^^^^^^^^^^^^^
  File "/var/www/u3115271/data/video_downloader/venv/lib64/python3.12/site-packages/aiohttp/connector.py", line 1589, in _create_direct_connection
    transp, proto = await self._wrap_create_connection(
                    ^^^^^^^^^^^^^^^^^^^^^^^^^^^^^^^^^^^
  File "/var/www/u3115271/data/video_downloader/venv/lib64/python3.12/site-packages/aiohttp/connector.py", line 1301, in _wrap_create_connection
    sock = await aiohappyeyeballs.start_connection(
           ^^^^^^^^^^^^^^^^^^^^^^^^^^^^^^^^^^^^^^^^
  File "/var/www/u3115271/data/video_downloader/venv/lib64/python3.12/site-packages/aiohappyeyeballs/impl.py", line 89, in start_connection
    sock, _, _ = await _staggered.staggered_race(
                 ^^^^^^^^^^^^^^^^^^^^^^^^^^^^^^^^
  File "/var/www/u3115271/data/video_downloader/venv/lib64/python3.12/site-packages/aiohappyeyeballs/_staggered.py", line 155, in staggered_race
    done = await _wait_one(
           ^^^^^^^^^^^^^^^^
  File "/var/www/u3115271/data/video_downloader/venv/lib64/python3.12/site-packages/aiohappyeyeballs/_staggered.py", line 36, in _wait_one
    return await wait_next
           ^^^^^^^^^^^^^^^
asyncio.exceptions.CancelledError

The above exception was the direct cause of the following exception:

Traceback (most recent call last):
  File "/var/www/u3115271/data/video_downloader/venv/lib64/python3.12/site-packages/aiogram/client/session/aiohttp.py", line 167, in make_request
    async with session.post(
               ^^^^^^^^^^^^^
  File "/var/www/u3115271/data/video_downloader/venv/lib64/python3.12/site-packages/aiohttp/client.py", line 1693, in __aenter__
    self._resp: _RetType_co = await self._coro
                              ^^^^^^^^^^^^^^^^
  File "/var/www/u3115271/data/video_downloader/venv/lib64/python3.12/site-packages/aiohttp/client.py", line 701, in _request
    with timer:
         ^^^^^
  File "/var/www/u3115271/data/video_downloader/venv/lib64/python3.12/site-packages/aiohttp/helpers.py", line 759, in __exit__
    raise asyncio.TimeoutError from exc_val
TimeoutError

The above exception was the direct cause of the following exception:

Traceback (most recent call last):
  File "/var/www/u3115271/data/video_downloader/venv/lib64/python3.12/site-packages/aiogram/dispatcher/dispatcher.py", line 321, in _process_update
    response = await self.feed_update(bot, update, **kwargs)
               ^^^^^^^^^^^^^^^^^^^^^^^^^^^^^^^^^^^^^^^^^^^^^
  File "/var/www/u3115271/data/video_downloader/venv/lib64/python3.12/site-packages/aiogram/dispatcher/dispatcher.py", line 164, in feed_update
    response = await self.update.wrap_outer_middleware(
               ^^^^^^^^^^^^^^^^^^^^^^^^^^^^^^^^^^^^^^^^
  File "/var/www/u3115271/data/video_downloader/venv/lib64/python3.12/site-packages/aiogram/dispatcher/middlewares/error.py", line 27, in __call__
    return await handler(event, data)
           ^^^^^^^^^^^^^^^^^^^^^^^^^^
  File "/var/www/u3115271/data/video_downloader/venv/lib64/python3.12/site-packages/aiogram/dispatcher/middlewares/user_context.py", line 58, in __call__
    return await handler(event, data)
           ^^^^^^^^^^^^^^^^^^^^^^^^^^
  File "/var/www/u3115271/data/video_downloader/venv/lib64/python3.12/site-packages/aiogram/fsm/middleware.py", line 43, in __call__
    return await handler(event, data)
           ^^^^^^^^^^^^^^^^^^^^^^^^^^
  File "/var/www/u3115271/data/video_downloader/venv/lib64/python3.12/site-packages/aiogram/dispatcher/event/telegram.py", line 126, in trigger
    return await wrapped_inner(event, kwargs)
           ^^^^^^^^^^^^^^^^^^^^^^^^^^^^^^^^^^
  File "/var/www/u3115271/data/video_downloader/venv/lib64/python3.12/site-packages/aiogram/dispatcher/event/handler.py", line 71, in call
    return await wrapped()
           ^^^^^^^^^^^^^^^
  File "/var/www/u3115271/data/video_downloader/venv/lib64/python3.12/site-packages/aiogram/dispatcher/dispatcher.py", line 284, in _listen_update
    return await self.propagate_event(update_type=update_type, event=event, **kwargs)
           ^^^^^^^^^^^^^^^^^^^^^^^^^^^^^^^^^^^^^^^^^^^^^^^^^^^^^^^^^^^^^^^^^^^^^^^^^^
  File "/var/www/u3115271/data/video_downloader/venv/lib64/python3.12/site-packages/aiogram/dispatcher/router.py", line 172, in propagate_event
    return await observer.wrap_outer_middleware(_wrapped, event=event, data=kwargs)
           ^^^^^^^^^^^^^^^^^^^^^^^^^^^^^^^^^^^^^^^^^^^^^^^^^^^^^^^^^^^^^^^^^^^^^^^^
  File "/var/www/u3115271/data/video_downloader/venv/lib64/python3.12/site-packages/aiogram/dispatcher/router.py", line 164, in _wrapped
    return await self._propagate_event(
           ^^^^^^^^^^^^^^^^^^^^^^^^^^^^
  File "/var/www/u3115271/data/video_downloader/venv/lib64/python3.12/site-packages/aiogram/dispatcher/router.py", line 192, in _propagate_event
    response = await observer.trigger(event, **kwargs)
               ^^^^^^^^^^^^^^^^^^^^^^^^^^^^^^^^^^^^^^^
  File "/var/www/u3115271/data/video_downloader/venv/lib64/python3.12/site-packages/aiogram/dispatcher/event/telegram.py", line 126, in trigger
    return await wrapped_inner(event, kwargs)
           ^^^^^^^^^^^^^^^^^^^^^^^^^^^^^^^^^^
  File "/var/www/u3115271/data/video_downloader/venv/lib64/python3.12/site-packages/aiogram/dispatcher/event/handler.py", line 71, in call
    return await wrapped()
           ^^^^^^^^^^^^^^^
  File "/var/www/u3115271/data/video_downloader/bot.py", line 34, in cmd_start
    await message.answer(
  File "/var/www/u3115271/data/video_downloader/venv/lib64/python3.12/site-packages/aiogram/methods/base.py", line 82, in emit
    return await bot(self)
           ^^^^^^^^^^^^^^^
  File "/var/www/u3115271/data/video_downloader/venv/lib64/python3.12/site-packages/aiogram/client/bot.py", line 515, in __call__
    return await self.session(self, method, timeout=request_timeout)
           ^^^^^^^^^^^^^^^^^^^^^^^^^^^^^^^^^^^^^^^^^^^^^^^^^^^^^^^^^
  File "/var/www/u3115271/data/video_downloader/venv/lib64/python3.12/site-packages/aiogram/client/session/base.py", line 259, in __call__
    return cast(TelegramType, await middleware(bot, method))
                              ^^^^^^^^^^^^^^^^^^^^^^^^^^^^^
  File "/var/www/u3115271/data/video_downloader/venv/lib64/python3.12/site-packages/aiogram/client/session/aiohttp.py", line 174, in make_request
    raise TelegramNetworkError(method=method, message="Request timeout error") from e
aiogram.exceptions.TelegramNetworkError: HTTP Client says - Request timeout error
2026-09-29 15:41:17,574 [ERROR] aiogram.dispatcher: Failed to fetch updates - TelegramConflictError: Telegram server says - Conflict: terminated by other getUpdates request; make sure that only one bot instance is running
2026-09-29 15:41:17,574 [WARNING] aiogram.dispatcher: Sleep for 1.000000 seconds and try again... (tryings = 0, bot id = 8707195513)
2026-09-29 15:41:22,695 [ERROR] aiogram.dispatcher: Failed to fetch updates - TelegramConflictError: Telegram server says - Conflict: terminated by other getUpdates request; make sure that only one bot instance is running
2026-09-29 15:41:22,695 [WARNING] aiogram.dispatcher: Sleep for 1.174041 seconds and try again... (tryings = 1, bot id = 8707195513)
2026-09-29 15:41:28,475 [ERROR] aiogram.dispatcher: Failed to fetch updates - TelegramConflictError: Telegram server says - Conflict: terminated by other getUpdates request; make sure that only one bot instance is running
2026-09-29 15:41:28,476 [WARNING] aiogram.dispatcher: Sleep for 1.409832 seconds and try again... (tryings = 2, bot id = 8707195513)
2026-09-29 15:41:35,102 [ERROR] aiogram.dispatcher: Failed to fetch updates - TelegramConflictError: Telegram server says - Conflict: terminated by other getUpdates request; make sure that only one bot instance is running
2026-09-29 15:41:35,102 [WARNING] aiogram.dispatcher: Sleep for 1.851397 seconds and try again... (tryings = 3, bot id = 8707195513)
2026-09-29 15:41:43,033 [ERROR] aiogram.dispatcher: Failed to fetch updates - TelegramConflictError: Telegram server says - Conflict: terminated by other getUpdates request; make sure that only one bot instance is running
2026-09-29 15:41:43,034 [WARNING] aiogram.dispatcher: Sleep for 2.402028 seconds and try again... (tryings = 4, bot id = 8707195513)
2026-09-29 15:41:52,180 [ERROR] aiogram.dispatcher: Failed to fetch updates - TelegramConflictError: Telegram server says - Conflict: terminated by other getUpdates request; make sure that only one bot instance is running
2026-09-29 15:41:52,180 [WARNING] aiogram.dispatcher: Sleep for 3.001749 seconds and try again... (tryings = 5, bot id = 8707195513)
2026-09-29 15:42:00,075 [ERROR] aiogram.dispatcher: Failed to fetch updates - TelegramConflictError: Telegram server says - Conflict: terminated by other getUpdates request; make sure that only one bot instance is running
2026-09-29 15:42:00,075 [WARNING] aiogram.dispatcher: Sleep for 3.722081 seconds and try again... (tryings = 6, bot id = 8707195513)
2026-09-29 15:42:09,058 [ERROR] aiogram.dispatcher: Failed to fetch updates - TelegramConflictError: Telegram server says - Conflict: terminated by other getUpdates request; make sure that only one bot instance is running
2026-09-29 15:42:09,058 [WARNING] aiogram.dispatcher: Sleep for 4.799788 seconds and try again... (tryings = 7, bot id = 8707195513)
2026-09-29 15:42:18,740 [ERROR] aiogram.dispatcher: Failed to fetch updates - TelegramConflictError: Telegram server says - Conflict: terminated by other getUpdates request; make sure that only one bot instance is running
2026-09-29 15:42:18,740 [WARNING] aiogram.dispatcher: Sleep for 4.944461 seconds and try again... (tryings = 8, bot id = 8707195513)
2026-09-29 15:42:28,668 [ERROR] aiogram.dispatcher: Failed to fetch updates - TelegramConflictError: Telegram server says - Conflict: terminated by other getUpdates request; make sure that only one bot instance is running
2026-09-29 15:42:28,668 [WARNING] aiogram.dispatcher: Sleep for 4.970698 seconds and try again... (tryings = 9, bot id = 8707195513)
2026-09-29 15:42:38,624 [ERROR] aiogram.dispatcher: Failed to fetch updates - TelegramConflictError: Telegram server says - Conflict: terminated by other getUpdates request; make sure that only one bot instance is running
2026-09-29 15:42:38,624 [WARNING] aiogram.dispatcher: Sleep for 5.107079 seconds and try again... (tryings = 10, bot id = 8707195513)
2026-09-29 15:42:48,771 [ERROR] aiogram.dispatcher: Failed to fetch updates - TelegramConflictError: Telegram server says - Conflict: terminated by other getUpdates request; make sure that only one bot instance is running
2026-09-29 15:42:48,771 [WARNING] aiogram.dispatcher: Sleep for 5.123684 seconds and try again... (tryings = 11, bot id = 8707195513)
2026-09-29 15:42:58,937 [ERROR] aiogram.dispatcher: Failed to fetch updates - TelegramConflictError: Telegram server says - Conflict: terminated by other getUpdates request; make sure that only one bot instance is running
2026-09-29 15:42:58,937 [WARNING] aiogram.dispatcher: Sleep for 4.845672 seconds and try again... (tryings = 12, bot id = 8707195513)
2026-09-29 15:43:08,865 [ERROR] aiogram.dispatcher: Failed to fetch updates - TelegramConflictError: Telegram server says - Conflict: terminated by other getUpdates request; make sure that only one bot instance is running
2026-09-29 15:43:08,865 [WARNING] aiogram.dispatcher: Sleep for 4.780357 seconds and try again... (tryings = 13, bot id = 8707195513)
2026-09-29 15:43:18,882 [ERROR] aiogram.dispatcher: Failed to fetch updates - TelegramConflictError: Telegram server says - Conflict: terminated by other getUpdates request; make sure that only one bot instance is running
2026-09-29 15:43:18,882 [WARNING] aiogram.dispatcher: Sleep for 4.917352 seconds and try again... (tryings = 14, bot id = 8707195513)
2026-09-29 15:43:28,960 [ERROR] aiogram.dispatcher: Failed to fetch updates - TelegramConflictError: Telegram server says - Conflict: terminated by other getUpdates request; make sure that only one bot instance is running
2026-09-29 15:43:28,960 [WARNING] aiogram.dispatcher: Sleep for 4.984282 seconds and try again... (tryings = 15, bot id = 8707195513)
2026-09-29 15:43:38,976 [ERROR] aiogram.dispatcher: Failed to fetch updates - TelegramConflictError: Telegram server says - Conflict: terminated by other getUpdates request; make sure that only one bot instance is running
2026-09-29 15:43:38,976 [WARNING] aiogram.dispatcher: Sleep for 4.861378 seconds and try again... (tryings = 16, bot id = 8707195513)
2026-09-29 15:43:49,015 [ERROR] aiogram.dispatcher: Failed to fetch updates - TelegramConflictError: Telegram server says - Conflict: terminated by other getUpdates request; make sure that only one bot instance is running
2026-09-29 15:43:49,015 [WARNING] aiogram.dispatcher: Sleep for 5.009054 seconds and try again... (tryings = 17, bot id = 8707195513)
2026-09-29 15:43:59,143 [ERROR] aiogram.dispatcher: Failed to fetch updates - TelegramConflictError: Telegram server says - Conflict: terminated by other getUpdates request; make sure that only one bot instance is running
2026-09-29 15:43:59,143 [WARNING] aiogram.dispatcher: Sleep for 5.154360 seconds and try again... (tryings = 18, bot id = 8707195513)
2026-09-29 15:44:09,399 [ERROR] aiogram.dispatcher: Failed to fetch updates - TelegramConflictError: Telegram server says - Conflict: terminated by other getUpdates request; make sure that only one bot instance is running
2026-09-29 15:44:09,402 [WARNING] aiogram.dispatcher: Sleep for 4.901422 seconds and try again... (tryings = 19, bot id = 8707195513)
2026-09-29 15:44:19,499 [ERROR] aiogram.dispatcher: Failed to fetch updates - TelegramConflictError: Telegram server says - Conflict: terminated by other getUpdates request; make sure that only one bot instance is running
2026-09-29 15:44:19,499 [WARNING] aiogram.dispatcher: Sleep for 4.876704 seconds and try again... (tryings = 20, bot id = 8707195513)
2026-09-29 15:44:29,376 [ERROR] aiogram.dispatcher: Failed to fetch updates - TelegramConflictError: Telegram server says - Conflict: terminated by other getUpdates request; make sure that only one bot instance is running
2026-09-29 15:44:29,376 [WARNING] aiogram.dispatcher: Sleep for 5.023064 seconds and try again... (tryings = 21, bot id = 8707195513)
2026-09-29 15:44:39,484 [ERROR] aiogram.dispatcher: Failed to fetch updates - TelegramConflictError: Telegram server says - Conflict: terminated by other getUpdates request; make sure that only one bot instance is running
2026-09-29 15:44:39,484 [WARNING] aiogram.dispatcher: Sleep for 4.894869 seconds and try again... (tryings = 22, bot id = 8707195513)
2026-09-29 15:44:49,384 [ERROR] aiogram.dispatcher: Failed to fetch updates - TelegramConflictError: Telegram server says - Conflict: terminated by other getUpdates request; make sure that only one bot instance is running
2026-09-29 15:44:49,384 [WARNING] aiogram.dispatcher: Sleep for 5.085519 seconds and try again... (tryings = 23, bot id = 8707195513)
2026-09-29 15:44:59,839 [ERROR] aiogram.dispatcher: Failed to fetch updates - TelegramConflictError: Telegram server says - Conflict: terminated by other getUpdates request; make sure that only one bot instance is running
2026-09-29 15:44:59,840 [WARNING] aiogram.dispatcher: Sleep for 4.882652 seconds and try again... (tryings = 24, bot id = 8707195513)
2026-09-29 15:45:09,804 [ERROR] aiogram.dispatcher: Failed to fetch updates - TelegramConflictError: Telegram server says - Conflict: terminated by other getUpdates request; make sure that only one bot instance is running
2026-09-29 15:45:09,804 [WARNING] aiogram.dispatcher: Sleep for 5.065048 seconds and try again... (tryings = 25, bot id = 8707195513)
2026-09-29 15:45:20,132 [ERROR] aiogram.dispatcher: Failed to fetch updates - TelegramConflictError: Telegram server says - Conflict: terminated by other getUpdates request; make sure that only one bot instance is running
2026-09-29 15:45:20,132 [WARNING] aiogram.dispatcher: Sleep for 5.052976 seconds and try again... (tryings = 26, bot id = 8707195513)
2026-09-29 15:45:30,181 [ERROR] aiogram.dispatcher: Failed to fetch updates - TelegramConflictError: Telegram server says - Conflict: terminated by other getUpdates request; make sure that only one bot instance is running
2026-09-29 15:45:30,181 [WARNING] aiogram.dispatcher: Sleep for 4.921485 seconds and try again... (tryings = 27, bot id = 8707195513)
2026-09-29 15:45:40,260 [ERROR] aiogram.dispatcher: Failed to fetch updates - TelegramConflictError: Telegram server says - Conflict: terminated by other getUpdates request; make sure that only one bot instance is running
2026-09-29 15:45:40,260 [WARNING] aiogram.dispatcher: Sleep for 5.150344 seconds and try again... (tryings = 28, bot id = 8707195513)
2026-09-29 15:45:50,692 [ERROR] aiogram.dispatcher: Failed to fetch updates - TelegramConflictError: Telegram server says - Conflict: terminated by other getUpdates request; make sure that only one bot instance is running
2026-09-29 15:45:50,692 [WARNING] aiogram.dispatcher: Sleep for 4.881801 seconds and try again... (tryings = 29, bot id = 8707195513)
2026-09-29 15:46:00,779 [ERROR] aiogram.dispatcher: Failed to fetch updates - TelegramConflictError: Telegram server says - Conflict: terminated by other getUpdates request; make sure that only one bot instance is running
2026-09-29 15:46:00,779 [WARNING] aiogram.dispatcher: Sleep for 5.106527 seconds and try again... (tryings = 30, bot id = 8707195513)
2026-09-29 15:46:11,018 [ERROR] aiogram.dispatcher: Failed to fetch updates - TelegramConflictError: Telegram server says - Conflict: terminated by other getUpdates request; make sure that only one bot instance is running
2026-09-29 15:46:11,019 [WARNING] aiogram.dispatcher: Sleep for 4.831521 seconds and try again... (tryings = 31, bot id = 8707195513)
2026-09-29 15:46:20,953 [ERROR] aiogram.dispatcher: Failed to fetch updates - TelegramConflictError: Telegram server says - Conflict: terminated by other getUpdates request; make sure that only one bot instance is running
2026-09-29 15:46:20,953 [WARNING] aiogram.dispatcher: Sleep for 4.797765 seconds and try again... (tryings = 32, bot id = 8707195513)
2026-09-29 15:46:30,930 [ERROR] aiogram.dispatcher: Failed to fetch updates - TelegramConflictError: Telegram server says - Conflict: terminated by other getUpdates request; make sure that only one bot instance is running
2026-09-29 15:46:30,930 [WARNING] aiogram.dispatcher: Sleep for 4.973473 seconds and try again... (tryings = 33, bot id = 8707195513)
2026-09-29 15:46:41,172 [ERROR] aiogram.dispatcher: Failed to fetch updates - TelegramConflictError: Telegram server says - Conflict: terminated by other getUpdates request; make sure that only one bot instance is running
2026-09-29 15:46:41,172 [WARNING] aiogram.dispatcher: Sleep for 5.042214 seconds and try again... (tryings = 34, bot id = 8707195513)
2026-09-29 15:46:50,323 [ERROR] aiogram.dispatcher: Failed to fetch updates - TelegramConflictError: Telegram server says - Conflict: terminated by other getUpdates request; make sure that only one bot instance is running
2026-09-29 15:46:50,323 [WARNING] aiogram.dispatcher: Sleep for 4.952336 seconds and try again... (tryings = 35, bot id = 8707195513)
2026-09-29 15:46:59,681 [ERROR] aiogram.dispatcher: Failed to fetch updates - TelegramConflictError: Telegram server says - Conflict: terminated by other getUpdates request; make sure that only one bot instance is running
2026-09-29 15:46:59,682 [WARNING] aiogram.dispatcher: Sleep for 5.292709 seconds and try again... (tryings = 36, bot id = 8707195513)
2026-09-29 15:47:09,771 [ERROR] aiogram.dispatcher: Failed to fetch updates - TelegramConflictError: Telegram server says - Conflict: terminated by other getUpdates request; make sure that only one bot instance is running
2026-09-29 15:47:09,771 [WARNING] aiogram.dispatcher: Sleep for 4.907478 seconds and try again... (tryings = 37, bot id = 8707195513)
2026-09-29 15:47:19,924 [ERROR] aiogram.dispatcher: Failed to fetch updates - TelegramConflictError: Telegram server says - Conflict: terminated by other getUpdates request; make sure that only one bot instance is running
2026-09-29 15:47:19,924 [WARNING] aiogram.dispatcher: Sleep for 4.987823 seconds and try again... (tryings = 38, bot id = 8707195513)
2026-09-29 15:47:30,864 [ERROR] aiogram.dispatcher: Failed to fetch updates - TelegramConflictError: Telegram server says - Conflict: terminated by other getUpdates request; make sure that only one bot instance is running
2026-09-29 15:47:30,864 [WARNING] aiogram.dispatcher: Sleep for 4.933487 seconds and try again... (tryings = 39, bot id = 8707195513)
2026-09-29 15:47:39,680 [ERROR] aiogram.dispatcher: Failed to fetch updates - TelegramConflictError: Telegram server says - Conflict: terminated by other getUpdates request; make sure that only one bot instance is running
2026-09-29 15:47:39,680 [WARNING] aiogram.dispatcher: Sleep for 5.078819 seconds and try again... (tryings = 40, bot id = 8707195513)
2026-09-29 15:47:49,787 [ERROR] aiogram.dispatcher: Failed to fetch updates - TelegramConflictError: Telegram server says - Conflict: terminated by other getUpdates request; make sure that only one bot instance is running
2026-09-29 15:47:49,788 [WARNING] aiogram.dispatcher: Sleep for 4.940152 seconds and try again... (tryings = 41, bot id = 8707195513)
2026-09-29 15:47:59,818 [ERROR] aiogram.dispatcher: Failed to fetch updates - TelegramConflictError: Telegram server says - Conflict: terminated by other getUpdates request; make sure that only one bot instance is running
2026-09-29 15:47:59,818 [WARNING] aiogram.dispatcher: Sleep for 4.989292 seconds and try again... (tryings = 42, bot id = 8707195513)
2026-09-29 15:48:09,958 [ERROR] aiogram.dispatcher: Failed to fetch updates - TelegramConflictError: Telegram server says - Conflict: terminated by other getUpdates request; make sure that only one bot instance is running
2026-09-29 15:48:09,958 [WARNING] aiogram.dispatcher: Sleep for 4.747175 seconds and try again... (tryings = 43, bot id = 8707195513)
2026-09-29 15:48:19,928 [ERROR] aiogram.dispatcher: Failed to fetch updates - TelegramConflictError: Telegram server says - Conflict: terminated by other getUpdates request; make sure that only one bot instance is running
2026-09-29 15:48:19,928 [WARNING] aiogram.dispatcher: Sleep for 5.054618 seconds and try again... (tryings = 44, bot id = 8707195513)
2026-09-29 15:48:30,138 [ERROR] aiogram.dispatcher: Failed to fetch updates - TelegramConflictError: Telegram server says - Conflict: terminated by other getUpdates request; make sure that only one bot instance is running
2026-09-29 15:48:30,138 [WARNING] aiogram.dispatcher: Sleep for 4.955781 seconds and try again... (tryings = 45, bot id = 8707195513)
2026-09-29 15:48:40,237 [ERROR] aiogram.dispatcher: Failed to fetch updates - TelegramConflictError: Telegram server says - Conflict: terminated by other getUpdates request; make sure that only one bot instance is running
2026-09-29 15:48:40,237 [WARNING] aiogram.dispatcher: Sleep for 5.047537 seconds and try again... (tryings = 46, bot id = 8707195513)
2026-09-29 15:48:50,628 [ERROR] aiogram.dispatcher: Failed to fetch updates - TelegramConflictError: Telegram server says - Conflict: terminated by other getUpdates request; make sure that only one bot instance is running
2026-09-29 15:48:50,628 [WARNING] aiogram.dispatcher: Sleep for 5.068744 seconds and try again... (tryings = 47, bot id = 8707195513)
2026-09-29 15:49:00,988 [ERROR] aiogram.dispatcher: Failed to fetch updates - TelegramConflictError: Telegram server says - Conflict: terminated by other getUpdates request; make sure that only one bot instance is running
2026-09-29 15:49:00,988 [WARNING] aiogram.dispatcher: Sleep for 4.978536 seconds and try again... (tryings = 48, bot id = 8707195513)
2026-09-29 15:49:11,178 [ERROR] aiogram.dispatcher: Failed to fetch updates - TelegramConflictError: Telegram server says - Conflict: terminated by other getUpdates request; make sure that only one bot instance is running
2026-09-29 15:49:11,178 [WARNING] aiogram.dispatcher: Sleep for 5.159263 seconds and try again... (tryings = 49, bot id = 8707195513)
2026-09-29 15:49:21,361 [ERROR] aiogram.dispatcher: Failed to fetch updates - TelegramConflictError: Telegram server says - Conflict: terminated by other getUpdates request; make sure that only one bot instance is running
2026-09-29 15:49:21,361 [WARNING] aiogram.dispatcher: Sleep for 5.119524 seconds and try again... (tryings = 50, bot id = 8707195513)
2026-09-29 15:49:31,765 [ERROR] aiogram.dispatcher: Failed to fetch updates - TelegramConflictError: Telegram server says - Conflict: terminated by other getUpdates request; make sure that only one bot instance is running
2026-09-29 15:49:31,765 [WARNING] aiogram.dispatcher: Sleep for 4.844448 seconds and try again... (tryings = 51, bot id = 8707195513)
2026-09-29 15:49:41,667 [ERROR] aiogram.dispatcher: Failed to fetch updates - TelegramConflictError: Telegram server says - Conflict: terminated by other getUpdates request; make sure that only one bot instance is running
2026-09-29 15:49:41,668 [WARNING] aiogram.dispatcher: Sleep for 4.905716 seconds and try again... (tryings = 52, bot id = 8707195513)
2026-09-29 15:49:51,728 [ERROR] aiogram.dispatcher: Failed to fetch updates - TelegramConflictError: Telegram server says - Conflict: terminated by other getUpdates request; make sure that only one bot instance is running
2026-09-29 15:49:51,728 [WARNING] aiogram.dispatcher: Sleep for 5.058950 seconds and try again... (tryings = 53, bot id = 8707195513)
2026-09-29 15:50:01,873 [ERROR] aiogram.dispatcher: Failed to fetch updates - TelegramConflictError: Telegram server says - Conflict: terminated by other getUpdates request; make sure that only one bot instance is running
2026-09-29 15:50:01,873 [WARNING] aiogram.dispatcher: Sleep for 5.044514 seconds and try again... (tryings = 54, bot id = 8707195513)
2026-09-29 15:50:12,006 [ERROR] aiogram.dispatcher: Failed to fetch updates - TelegramConflictError: Telegram server says - Conflict: terminated by other getUpdates request; make sure that only one bot instance is running
2026-09-29 15:50:12,006 [WARNING] aiogram.dispatcher: Sleep for 4.969475 seconds and try again... (tryings = 55, bot id = 8707195513)
2026-09-29 15:50:22,256 [ERROR] aiogram.dispatcher: Failed to fetch updates - TelegramConflictError: Telegram server says - Conflict: terminated by other getUpdates request; make sure that only one bot instance is running
2026-09-29 15:50:22,256 [WARNING] aiogram.dispatcher: Sleep for 5.132922 seconds and try again... (tryings = 56, bot id = 8707195513)
2026-09-29 15:50:32,437 [ERROR] aiogram.dispatcher: Failed to fetch updates - TelegramConflictError: Telegram server says - Conflict: terminated by other getUpdates request; make sure that only one bot instance is running
2026-09-29 15:50:32,437 [WARNING] aiogram.dispatcher: Sleep for 5.115849 seconds and try again... (tryings = 57, bot id = 8707195513)
2026-09-29 15:50:42,773 [ERROR] aiogram.dispatcher: Failed to fetch updates - TelegramConflictError: Telegram server says - Conflict: terminated by other getUpdates request; make sure that only one bot instance is running
2026-09-29 15:50:42,773 [WARNING] aiogram.dispatcher: Sleep for 5.106185 seconds and try again... (tryings = 58, bot id = 8707195513)
2026-09-29 15:50:52,879 [ERROR] aiogram.dispatcher: Failed to fetch updates - TelegramConflictError: Telegram server says - Conflict: terminated by other getUpdates request; make sure that only one bot instance is running
2026-09-29 15:50:52,879 [WARNING] aiogram.dispatcher: Sleep for 5.067671 seconds and try again... (tryings = 59, bot id = 8707195513)
2026-09-29 15:51:03,069 [ERROR] aiogram.dispatcher: Failed to fetch updates - TelegramConflictError: Telegram server says - Conflict: terminated by other getUpdates request; make sure that only one bot instance is running
2026-09-29 15:51:03,069 [WARNING] aiogram.dispatcher: Sleep for 5.003332 seconds and try again... (tryings = 60, bot id = 8707195513)
2026-09-29 15:51:13,251 [ERROR] aiogram.dispatcher: Failed to fetch updates - TelegramConflictError: Telegram server says - Conflict: terminated by other getUpdates request; make sure that only one bot instance is running
2026-09-29 15:51:13,251 [WARNING] aiogram.dispatcher: Sleep for 4.855399 seconds and try again... (tryings = 61, bot id = 8707195513)
2026-09-29 15:51:23,252 [ERROR] aiogram.dispatcher: Failed to fetch updates - TelegramConflictError: Telegram server says - Conflict: terminated by other getUpdates request; make sure that only one bot instance is running
2026-09-29 15:51:23,252 [WARNING] aiogram.dispatcher: Sleep for 5.010279 seconds and try again... (tryings = 62, bot id = 8707195513)
2026-09-29 15:51:32,383 [ERROR] aiogram.dispatcher: Failed to fetch updates - TelegramConflictError: Telegram server says - Conflict: terminated by other getUpdates request; make sure that only one bot instance is running
2026-09-29 15:51:32,383 [WARNING] aiogram.dispatcher: Sleep for 5.049925 seconds and try again... (tryings = 63, bot id = 8707195513)
2026-09-29 15:51:41,903 [ERROR] aiogram.dispatcher: Failed to fetch updates - TelegramConflictError: Telegram server says - Conflict: terminated by other getUpdates request; make sure that only one bot instance is running
2026-09-29 15:51:41,903 [WARNING] aiogram.dispatcher: Sleep for 5.011549 seconds and try again... (tryings = 64, bot id = 8707195513)
2026-09-29 15:51:51,708 [ERROR] aiogram.dispatcher: Failed to fetch updates - TelegramConflictError: Telegram server says - Conflict: terminated by other getUpdates request; make sure that only one bot instance is running
2026-09-29 15:51:51,709 [WARNING] aiogram.dispatcher: Sleep for 4.960876 seconds and try again... (tryings = 65, bot id = 8707195513)
2026-09-29 15:52:02,215 [ERROR] aiogram.dispatcher: Failed to fetch updates - TelegramConflictError: Telegram server says - Conflict: terminated by other getUpdates request; make sure that only one bot instance is running
2026-09-29 15:52:02,215 [WARNING] aiogram.dispatcher: Sleep for 5.078645 seconds and try again... (tryings = 66, bot id = 8707195513)
2026-09-29 15:52:10,414 [ERROR] aiogram.dispatcher: Failed to fetch updates - TelegramConflictError: Telegram server says - Conflict: terminated by other getUpdates request; make sure that only one bot instance is running
2026-09-29 15:52:10,414 [WARNING] aiogram.dispatcher: Sleep for 5.141643 seconds and try again... (tryings = 67, bot id = 8707195513)
2026-09-29 15:52:19,720 [ERROR] aiogram.dispatcher: Failed to fetch updates - TelegramConflictError: Telegram server says - Conflict: terminated by other getUpdates request; make sure that only one bot instance is running
2026-09-29 15:52:19,720 [WARNING] aiogram.dispatcher: Sleep for 4.960040 seconds and try again... (tryings = 68, bot id = 8707195513)
2026-09-29 15:52:29,896 [ERROR] aiogram.dispatcher: Failed to fetch updates - TelegramConflictError: Telegram server says - Conflict: terminated by other getUpdates request; make sure that only one bot instance is running
2026-09-29 15:52:29,896 [WARNING] aiogram.dispatcher: Sleep for 5.007769 seconds and try again... (tryings = 69, bot id = 8707195513)
2026-09-29 15:52:40,221 [ERROR] aiogram.dispatcher: Failed to fetch updates - TelegramConflictError: Telegram server says - Conflict: terminated by other getUpdates request; make sure that only one bot instance is running
2026-09-29 15:52:40,221 [WARNING] aiogram.dispatcher: Sleep for 4.984081 seconds and try again... (tryings = 70, bot id = 8707195513)
2026-09-29 15:52:50,488 [ERROR] aiogram.dispatcher: Failed to fetch updates - TelegramConflictError: Telegram server says - Conflict: terminated by other getUpdates request; make sure that only one bot instance is running
2026-09-29 15:52:50,488 [WARNING] aiogram.dispatcher: Sleep for 5.040789 seconds and try again... (tryings = 71, bot id = 8707195513)
2026-09-29 15:53:00,746 [ERROR] aiogram.dispatcher: Failed to fetch updates - TelegramConflictError: Telegram server says - Conflict: terminated by other getUpdates request; make sure that only one bot instance is running
2026-09-29 15:53:00,746 [WARNING] aiogram.dispatcher: Sleep for 4.850370 seconds and try again... (tryings = 72, bot id = 8707195513)
2026-09-29 15:53:10,587 [ERROR] aiogram.dispatcher: Failed to fetch updates - TelegramConflictError: Telegram server says - Conflict: terminated by other getUpdates request; make sure that only one bot instance is running
2026-09-29 15:53:10,588 [WARNING] aiogram.dispatcher: Sleep for 5.139076 seconds and try again... (tryings = 73, bot id = 8707195513)
2026-09-29 15:53:20,651 [ERROR] aiogram.dispatcher: Failed to fetch updates - TelegramConflictError: Telegram server says - Conflict: terminated by other getUpdates request; make sure that only one bot instance is running
2026-09-29 15:53:20,651 [WARNING] aiogram.dispatcher: Sleep for 4.817170 seconds and try again... (tryings = 74, bot id = 8707195513)
2026-09-29 15:53:30,680 [ERROR] aiogram.dispatcher: Failed to fetch updates - TelegramConflictError: Telegram server says - Conflict: terminated by other getUpdates request; make sure that only one bot instance is running
2026-09-29 15:53:30,680 [WARNING] aiogram.dispatcher: Sleep for 4.807967 seconds and try again... (tryings = 75, bot id = 8707195513)
2026-09-29 15:53:40,819 [ERROR] aiogram.dispatcher: Failed to fetch updates - TelegramConflictError: Telegram server says - Conflict: terminated by other getUpdates request; make sure that only one bot instance is running
2026-09-29 15:53:40,819 [WARNING] aiogram.dispatcher: Sleep for 4.884876 seconds and try again... (tryings = 76, bot id = 8707195513)
2026-09-29 15:53:50,826 [ERROR] aiogram.dispatcher: Failed to fetch updates - TelegramConflictError: Telegram server says - Conflict: terminated by other getUpdates request; make sure that only one bot instance is running
2026-09-29 15:53:50,826 [WARNING] aiogram.dispatcher: Sleep for 5.157223 seconds and try again... (tryings = 77, bot id = 8707195513)
2026-09-29 15:54:01,167 [ERROR] aiogram.dispatcher: Failed to fetch updates - TelegramConflictError: Telegram server says - Conflict: terminated by other getUpdates request; make sure that only one bot instance is running
2026-09-29 15:54:01,167 [WARNING] aiogram.dispatcher: Sleep for 5.075476 seconds and try again... (tryings = 78, bot id = 8707195513)
2026-09-29 15:54:11,479 [ERROR] aiogram.dispatcher: Failed to fetch updates - TelegramConflictError: Telegram server says - Conflict: terminated by other getUpdates request; make sure that only one bot instance is running
2026-09-29 15:54:11,479 [WARNING] aiogram.dispatcher: Sleep for 4.973602 seconds and try again... (tryings = 79, bot id = 8707195513)
2026-09-29 15:54:21,542 [ERROR] aiogram.dispatcher: Failed to fetch updates - TelegramConflictError: Telegram server says - Conflict: terminated by other getUpdates request; make sure that only one bot instance is running
2026-09-29 15:54:21,542 [WARNING] aiogram.dispatcher: Sleep for 5.059162 seconds and try again... (tryings = 80, bot id = 8707195513)
2026-09-29 15:54:31,591 [ERROR] aiogram.dispatcher: Failed to fetch updates - TelegramConflictError: Telegram server says - Conflict: terminated by other getUpdates request; make sure that only one bot instance is running
2026-09-29 15:54:31,591 [WARNING] aiogram.dispatcher: Sleep for 5.097523 seconds and try again... (tryings = 81, bot id = 8707195513)
2026-09-29 15:54:41,685 [ERROR] aiogram.dispatcher: Failed to fetch updates - TelegramConflictError: Telegram server says - Conflict: terminated by other getUpdates request; make sure that only one bot instance is running
2026-09-29 15:54:41,685 [WARNING] aiogram.dispatcher: Sleep for 5.153463 seconds and try again... (tryings = 82, bot id = 8707195513)
2026-09-29 15:54:52,149 [ERROR] aiogram.dispatcher: Failed to fetch updates - TelegramConflictError: Telegram server says - Conflict: terminated by other getUpdates request; make sure that only one bot instance is running
2026-09-29 15:54:52,149 [WARNING] aiogram.dispatcher: Sleep for 5.169854 seconds and try again... (tryings = 83, bot id = 8707195513)
2026-09-29 15:55:02,867 [ERROR] aiogram.dispatcher: Failed to fetch updates - TelegramConflictError: Telegram server says - Conflict: terminated by other getUpdates request; make sure that only one bot instance is running
2026-09-29 15:55:02,868 [WARNING] aiogram.dispatcher: Sleep for 5.060686 seconds and try again... (tryings = 84, bot id = 8707195513)
2026-09-29 15:55:10,769 [INFO] aiogram.dispatcher: Connection established (tryings = 85, bot id = 8707195513)
2026-09-29 15:55:10,999 [INFO] aiogram.event: Update id=983810866 is handled. Duration 226 ms by bot id=8707195513
2026-09-29 15:55:13,080 [ERROR] aiogram.dispatcher: Failed to fetch updates - TelegramConflictError: Telegram server says - Conflict: terminated by other getUpdates request; make sure that only one bot instance is running
2026-09-29 15:55:13,085 [WARNING] aiogram.dispatcher: Sleep for 1.000000 seconds and try again... (tryings = 0, bot id = 8707195513)
ERROR: [TikTok] 7682446028984864032: Your IP address is blocked from accessing this post
2026-09-29 15:55:23,148 [ERROR] aiogram.dispatcher: Failed to fetch updates - TelegramConflictError: Telegram server says - Conflict: terminated by other getUpdates request; make sure that only one bot instance is running
2026-09-29 15:55:23,148 [WARNING] aiogram.dispatcher: Sleep for 1.406409 seconds and try again... (tryings = 1, bot id = 8707195513)
2026-09-29 15:55:25,995 [INFO] aiogram.event: Update id=983810867 is handled. Duration 13247 ms by bot id=8707195513
2026-09-29 15:55:33,246 [ERROR] aiogram.dispatcher: Failed to fetch updates - TelegramConflictError: Telegram server says - Conflict: terminated by other getUpdates request; make sure that only one bot instance is running
2026-09-29 15:55:33,246 [WARNING] aiogram.dispatcher: Sleep for 1.908563 seconds and try again... (tryings = 2, bot id = 8707195513)
2026-09-29 15:55:43,330 [ERROR] aiogram.dispatcher: Failed to fetch updates - TelegramConflictError: Telegram server says - Conflict: terminated by other getUpdates request; make sure that only one bot instance is running
2026-09-29 15:55:43,330 [WARNING] aiogram.dispatcher: Sleep for 2.543450 seconds and try again... (tryings = 3, bot id = 8707195513)
2026-09-29 15:55:53,985 [ERROR] aiogram.dispatcher: Failed to fetch updates - TelegramConflictError: Telegram server says - Conflict: terminated by other getUpdates request; make sure that only one bot instance is running
2026-09-29 15:55:53,985 [WARNING] aiogram.dispatcher: Sleep for 3.289520 seconds and try again... (tryings = 4, bot id = 8707195513)
2026-09-29 15:56:02,509 [ERROR] aiogram.dispatcher: Failed to fetch updates - TelegramConflictError: Telegram server says - Conflict: terminated by other getUpdates request; make sure that only one bot instance is running
2026-09-29 15:56:02,509 [WARNING] aiogram.dispatcher: Sleep for 4.417079 seconds and try again... (tryings = 5, bot id = 8707195513)
2026-09-29 15:56:12,067 [ERROR] aiogram.dispatcher: Failed to fetch updates - TelegramConflictError: Telegram server says - Conflict: terminated by other getUpdates request; make sure that only one bot instance is running
2026-09-29 15:56:12,067 [WARNING] aiogram.dispatcher: Sleep for 4.847799 seconds and try again... (tryings = 6, bot id = 8707195513)
2026-09-29 15:56:22,049 [ERROR] aiogram.dispatcher: Failed to fetch updates - TelegramConflictError: Telegram server says - Conflict: terminated by other getUpdates request; make sure that only one bot instance is running
2026-09-29 15:56:22,049 [WARNING] aiogram.dispatcher: Sleep for 5.003132 seconds and try again... (tryings = 7, bot id = 8707195513)
2026-09-29 15:56:32,039 [ERROR] aiogram.dispatcher: Failed to fetch updates - TelegramConflictError: Telegram server says - Conflict: terminated by other getUpdates request; make sure that only one bot instance is running
2026-09-29 15:56:32,039 [WARNING] aiogram.dispatcher: Sleep for 4.904592 seconds and try again... (tryings = 8, bot id = 8707195513)
2026-09-29 15:56:42,015 [ERROR] aiogram.dispatcher: Failed to fetch updates - TelegramConflictError: Telegram server says - Conflict: terminated by other getUpdates request; make sure that only one bot instance is running
2026-09-29 15:56:42,015 [WARNING] aiogram.dispatcher: Sleep for 5.022074 seconds and try again... (tryings = 9, bot id = 8707195513)
2026-09-29 15:56:52,244 [ERROR] aiogram.dispatcher: Failed to fetch updates - TelegramConflictError: Telegram server says - Conflict: terminated by other getUpdates request; make sure that only one bot instance is running
2026-09-29 15:56:52,244 [WARNING] aiogram.dispatcher: Sleep for 4.721788 seconds and try again... (tryings = 10, bot id = 8707195513)
2026-09-29 15:57:02,095 [ERROR] aiogram.dispatcher: Failed to fetch updates - TelegramConflictError: Telegram server says - Conflict: terminated by other getUpdates request; make sure that only one bot instance is running
2026-09-29 15:57:02,095 [WARNING] aiogram.dispatcher: Sleep for 5.120568 seconds and try again... (tryings = 11, bot id = 8707195513)
2026-09-29 15:57:12,366 [ERROR] aiogram.dispatcher: Failed to fetch updates - TelegramConflictError: Telegram server says - Conflict: terminated by other getUpdates request; make sure that only one bot instance is running
2026-09-29 15:57:12,366 [WARNING] aiogram.dispatcher: Sleep for 4.941917 seconds and try again... (tryings = 12, bot id = 8707195513)
2026-09-29 15:57:22,445 [ERROR] aiogram.dispatcher: Failed to fetch updates - TelegramConflictError: Telegram server says - Conflict: terminated by other getUpdates request; make sure that only one bot instance is running
2026-09-29 15:57:22,445 [WARNING] aiogram.dispatcher: Sleep for 5.013411 seconds and try again... (tryings = 13, bot id = 8707195513)
2026-09-29 15:57:32,542 [ERROR] aiogram.dispatcher: Failed to fetch updates - TelegramConflictError: Telegram server says - Conflict: terminated by other getUpdates request; make sure that only one bot instance is running
2026-09-29 15:57:32,542 [WARNING] aiogram.dispatcher: Sleep for 5.016195 seconds and try again... (tryings = 14, bot id = 8707195513)
2026-09-29 15:57:42,613 [ERROR] aiogram.dispatcher: Failed to fetch updates - TelegramConflictError: Telegram server says - Conflict: terminated by other getUpdates request; make sure that only one bot instance is running
2026-09-29 15:57:42,613 [WARNING] aiogram.dispatcher: Sleep for 5.071947 seconds and try again... (tryings = 15, bot id = 8707195513)
2026-09-29 15:57:52,880 [ERROR] aiogram.dispatcher: Failed to fetch updates - TelegramConflictError: Telegram server says - Conflict: terminated by other getUpdates request; make sure that only one bot instance is running
2026-09-29 15:57:52,880 [WARNING] aiogram.dispatcher: Sleep for 5.144777 seconds and try again... (tryings = 16, bot id = 8707195513)
2026-09-29 15:58:02,961 [ERROR] aiogram.dispatcher: Failed to fetch updates - TelegramConflictError: Telegram server says - Conflict: terminated by other getUpdates request; make sure that only one bot instance is running
2026-09-29 15:58:02,961 [WARNING] aiogram.dispatcher: Sleep for 4.902958 seconds and try again... (tryings = 17, bot id = 8707195513)
2026-09-29 15:58:13,090 [ERROR] aiogram.dispatcher: Failed to fetch updates - TelegramConflictError: Telegram server says - Conflict: terminated by other getUpdates request; make sure that only one bot instance is running
2026-09-29 15:58:13,090 [WARNING] aiogram.dispatcher: Sleep for 5.066903 seconds and try again... (tryings = 18, bot id = 8707195513)
2026-09-29 15:58:23,375 [ERROR] aiogram.dispatcher: Failed to fetch updates - TelegramConflictError: Telegram server says - Conflict: terminated by other getUpdates request; make sure that only one bot instance is running
2026-09-29 15:58:23,375 [WARNING] aiogram.dispatcher: Sleep for 4.906644 seconds and try again... (tryings = 19, bot id = 8707195513)
2026-09-29 15:58:33,266 [ERROR] aiogram.dispatcher: Failed to fetch updates - TelegramConflictError: Telegram server says - Conflict: terminated by other getUpdates request; make sure that only one bot instance is running
2026-09-29 15:58:33,266 [WARNING] aiogram.dispatcher: Sleep for 4.935431 seconds and try again... (tryings = 20, bot id = 8707195513)
2026-09-29 15:58:43,324 [ERROR] aiogram.dispatcher: Failed to fetch updates - TelegramConflictError: Telegram server says - Conflict: terminated by other getUpdates request; make sure that only one bot instance is running
2026-09-29 15:58:43,325 [WARNING] aiogram.dispatcher: Sleep for 5.151429 seconds and try again... (tryings = 21, bot id = 8707195513)
2026-09-29 15:58:53,707 [ERROR] aiogram.dispatcher: Failed to fetch updates - TelegramConflictError: Telegram server says - Conflict: terminated by other getUpdates request; make sure that only one bot instance is running
2026-09-29 15:58:53,707 [WARNING] aiogram.dispatcher: Sleep for 5.032998 seconds and try again... (tryings = 22, bot id = 8707195513)
2026-09-29 15:59:03,678 [ERROR] aiogram.dispatcher: Failed to fetch updates - TelegramConflictError: Telegram server says - Conflict: terminated by other getUpdates request; make sure that only one bot instance is running
2026-09-29 15:59:03,678 [WARNING] aiogram.dispatcher: Sleep for 4.974349 seconds and try again... (tryings = 23, bot id = 8707195513)
2026-09-29 15:59:13,695 [ERROR] aiogram.dispatcher: Failed to fetch updates - TelegramConflictError: Telegram server says - Conflict: terminated by other getUpdates request; make sure that only one bot instance is running
2026-09-29 15:59:13,695 [WARNING] aiogram.dispatcher: Sleep for 4.968102 seconds and try again... (tryings = 24, bot id = 8707195513)
2026-09-29 15:59:23,738 [ERROR] aiogram.dispatcher: Failed to fetch updates - TelegramConflictError: Telegram server says - Conflict: terminated by other getUpdates request; make sure that only one bot instance is running
2026-09-29 15:59:23,738 [WARNING] aiogram.dispatcher: Sleep for 5.047980 seconds and try again... (tryings = 25, bot id = 8707195513)
2026-09-29 15:59:33,959 [ERROR] aiogram.dispatcher: Failed to fetch updates - TelegramConflictError: Telegram server says - Conflict: terminated by other getUpdates request; make sure that only one bot instance is running
2026-09-29 15:59:33,959 [WARNING] aiogram.dispatcher: Sleep for 4.779025 seconds and try again... (tryings = 26, bot id = 8707195513)
2026-09-29 15:59:43,756 [ERROR] aiogram.dispatcher: Failed to fetch updates - TelegramConflictError: Telegram server says - Conflict: terminated by other getUpdates request; make sure that only one bot instance is running
2026-09-29 15:59:43,756 [WARNING] aiogram.dispatcher: Sleep for 4.959694 seconds and try again... (tryings = 27, bot id = 8707195513)
2026-09-29 15:59:53,829 [ERROR] aiogram.dispatcher: Failed to fetch updates - TelegramConflictError: Telegram server says - Conflict: terminated by other getUpdates request; make sure that only one bot instance is running
2026-09-29 15:59:53,830 [WARNING] aiogram.dispatcher: Sleep for 4.935427 seconds and try again... (tryings = 28, bot id = 8707195513)
2026-09-29 16:00:03,976 [ERROR] aiogram.dispatcher: Failed to fetch updates - TelegramConflictError: Telegram server says - Conflict: terminated by other getUpdates request; make sure that only one bot instance is running
2026-09-29 16:00:03,976 [WARNING] aiogram.dispatcher: Sleep for 5.185440 seconds and try again... (tryings = 29, bot id = 8707195513)
2026-09-29 16:00:14,175 [ERROR] aiogram.dispatcher: Failed to fetch updates - TelegramConflictError: Telegram server says - Conflict: terminated by other getUpdates request; make sure that only one bot instance is running
2026-09-29 16:00:14,175 [WARNING] aiogram.dispatcher: Sleep for 4.975410 seconds and try again... (tryings = 30, bot id = 8707195513)
2026-09-29 16:00:24,106 [ERROR] aiogram.dispatcher: Failed to fetch updates - TelegramConflictError: Telegram server says - Conflict: terminated by other getUpdates request; make sure that only one bot instance is running
2026-09-29 16:00:24,106 [WARNING] aiogram.dispatcher: Sleep for 4.901120 seconds and try again... (tryings = 31, bot id = 8707195513)
2026-09-29 16:00:34,056 [ERROR] aiogram.dispatcher: Failed to fetch updates - TelegramConflictError: Telegram server says - Conflict: terminated by other getUpdates request; make sure that only one bot instance is running
2026-09-29 16:00:34,056 [WARNING] aiogram.dispatcher: Sleep for 5.027675 seconds and try again... (tryings = 32, bot id = 8707195513)
2026-09-29 16:00:44,316 [ERROR] aiogram.dispatcher: Failed to fetch updates - TelegramConflictError: Telegram server says - Conflict: terminated by other getUpdates request; make sure that only one bot instance is running
2026-09-29 16:00:44,316 [WARNING] aiogram.dispatcher: Sleep for 5.044721 seconds and try again... (tryings = 33, bot id = 8707195513)
2026-09-29 16:00:54,494 [ERROR] aiogram.dispatcher: Failed to fetch updates - TelegramConflictError: Telegram server says - Conflict: terminated by other getUpdates request; make sure that only one bot instance is running
2026-09-29 16:00:54,494 [WARNING] aiogram.dispatcher: Sleep for 4.817269 seconds and try again... (tryings = 34, bot id = 8707195513)
2026-09-29 16:01:04,516 [ERROR] aiogram.dispatcher: Failed to fetch updates - TelegramConflictError: Telegram server says - Conflict: terminated by other getUpdates request; make sure that only one bot instance is running
2026-09-29 16:01:04,516 [WARNING] aiogram.dispatcher: Sleep for 4.989886 seconds and try again... (tryings = 35, bot id = 8707195513)
2026-09-29 16:01:14,639 [ERROR] aiogram.dispatcher: Failed to fetch updates - TelegramConflictError: Telegram server says - Conflict: terminated by other getUpdates request; make sure that only one bot instance is running
2026-09-29 16:01:14,639 [WARNING] aiogram.dispatcher: Sleep for 5.015153 seconds and try again... (tryings = 36, bot id = 8707195513)
2026-09-29 16:01:24,886 [ERROR] aiogram.dispatcher: Failed to fetch updates - TelegramConflictError: Telegram server says - Conflict: terminated by other getUpdates request; make sure that only one bot instance is running
2026-09-29 16:01:24,886 [WARNING] aiogram.dispatcher: Sleep for 5.053589 seconds and try again... (tryings = 37, bot id = 8707195513)
2026-09-29 16:01:35,043 [ERROR] aiogram.dispatcher: Failed to fetch updates - TelegramConflictError: Telegram server says - Conflict: terminated by other getUpdates request; make sure that only one bot instance is running
2026-09-29 16:01:35,043 [WARNING] aiogram.dispatcher: Sleep for 5.014608 seconds and try again... (tryings = 38, bot id = 8707195513)
2026-09-29 16:01:45,171 [ERROR] aiogram.dispatcher: Failed to fetch updates - TelegramConflictError: Telegram server says - Conflict: terminated by other getUpdates request; make sure that only one bot instance is running
2026-09-29 16:01:45,171 [WARNING] aiogram.dispatcher: Sleep for 4.948246 seconds and try again... (tryings = 39, bot id = 8707195513)
2026-09-29 16:01:55,214 [ERROR] aiogram.dispatcher: Failed to fetch updates - TelegramConflictError: Telegram server says - Conflict: terminated by other getUpdates request; make sure that only one bot instance is running
2026-09-29 16:01:55,214 [WARNING] aiogram.dispatcher: Sleep for 4.974690 seconds and try again... (tryings = 40, bot id = 8707195513)
2026-09-29 16:02:05,359 [ERROR] aiogram.dispatcher: Failed to fetch updates - TelegramConflictError: Telegram server says - Conflict: terminated by other getUpdates request; make sure that only one bot instance is running
2026-09-29 16:02:05,359 [WARNING] aiogram.dispatcher: Sleep for 5.056830 seconds and try again... (tryings = 41, bot id = 8707195513)
2026-09-29 16:02:15,418 [ERROR] aiogram.dispatcher: Failed to fetch updates - TelegramConflictError: Telegram server says - Conflict: terminated by other getUpdates request; make sure that only one bot instance is running
2026-09-29 16:02:15,418 [WARNING] aiogram.dispatcher: Sleep for 4.843502 seconds and try again... (tryings = 42, bot id = 8707195513)
2026-09-29 16:02:25,461 [ERROR] aiogram.dispatcher: Failed to fetch updates - TelegramConflictError: Telegram server says - Conflict: terminated by other getUpdates request; make sure that only one bot instance is running
2026-09-29 16:02:25,462 [WARNING] aiogram.dispatcher: Sleep for 4.962089 seconds and try again... (tryings = 43, bot id = 8707195513)
2026-09-29 16:02:35,585 [ERROR] aiogram.dispatcher: Failed to fetch updates - TelegramConflictError: Telegram server says - Conflict: terminated by other getUpdates request; make sure that only one bot instance is running
2026-09-29 16:02:35,585 [WARNING] aiogram.dispatcher: Sleep for 5.097028 seconds and try again... (tryings = 44, bot id = 8707195513)
2026-09-29 16:02:45,936 [ERROR] aiogram.dispatcher: Failed to fetch updates - TelegramConflictError: Telegram server says - Conflict: terminated by other getUpdates request; make sure that only one bot instance is running
2026-09-29 16:02:45,937 [WARNING] aiogram.dispatcher: Sleep for 5.227108 seconds and try again... (tryings = 45, bot id = 8707195513)
2026-09-29 16:02:56,265 [ERROR] aiogram.dispatcher: Failed to fetch updates - TelegramConflictError: Telegram server says - Conflict: terminated by other getUpdates request; make sure that only one bot instance is running
2026-09-29 16:02:56,265 [WARNING] aiogram.dispatcher: Sleep for 5.007816 seconds and try again... (tryings = 46, bot id = 8707195513)
2026-09-29 16:03:06,463 [ERROR] aiogram.dispatcher: Failed to fetch updates - TelegramConflictError: Telegram server says - Conflict: terminated by other getUpdates request; make sure that only one bot instance is running
2026-09-29 16:03:06,463 [WARNING] aiogram.dispatcher: Sleep for 4.988080 seconds and try again... (tryings = 47, bot id = 8707195513)
2026-09-29 16:03:16,333 [ERROR] aiogram.dispatcher: Failed to fetch updates - TelegramConflictError: Telegram server says - Conflict: terminated by other getUpdates request; make sure that only one bot instance is running
2026-09-29 16:03:16,333 [WARNING] aiogram.dispatcher: Sleep for 4.810407 seconds and try again... (tryings = 48, bot id = 8707195513)
2026-09-29 16:03:26,407 [ERROR] aiogram.dispatcher: Failed to fetch updates - TelegramConflictError: Telegram server says - Conflict: terminated by other getUpdates request; make sure that only one bot instance is running
2026-09-29 16:03:26,407 [WARNING] aiogram.dispatcher: Sleep for 4.880846 seconds and try again... (tryings = 49, bot id = 8707195513)
2026-09-29 16:03:36,745 [ERROR] aiogram.dispatcher: Failed to fetch updates - TelegramConflictError: Telegram server says - Conflict: terminated by other getUpdates request; make sure that only one bot instance is running
2026-09-29 16:03:36,745 [WARNING] aiogram.dispatcher: Sleep for 4.926213 seconds and try again... (tryings = 50, bot id = 8707195513)
2026-09-29 16:03:46,771 [ERROR] aiogram.dispatcher: Failed to fetch updates - TelegramConflictError: Telegram server says - Conflict: terminated by other getUpdates request; make sure that only one bot instance is running
2026-09-29 16:03:46,771 [WARNING] aiogram.dispatcher: Sleep for 5.027754 seconds and try again... (tryings = 51, bot id = 8707195513)
2026-09-29 16:03:57,065 [ERROR] aiogram.dispatcher: Failed to fetch updates - TelegramConflictError: Telegram server says - Conflict: terminated by other getUpdates request; make sure that only one bot instance is running
2026-09-29 16:03:57,066 [WARNING] aiogram.dispatcher: Sleep for 5.047488 seconds and try again... (tryings = 52, bot id = 8707195513)
2026-09-29 16:04:07,287 [ERROR] aiogram.dispatcher: Failed to fetch updates - TelegramConflictError: Telegram server says - Conflict: terminated by other getUpdates request; make sure that only one bot instance is running
2026-09-29 16:04:07,288 [WARNING] aiogram.dispatcher: Sleep for 5.077896 seconds and try again... (tryings = 53, bot id = 8707195513)
2026-09-29 16:04:17,460 [ERROR] aiogram.dispatcher: Failed to fetch updates - TelegramConflictError: Telegram server says - Conflict: terminated by other getUpdates request; make sure that only one bot instance is running
2026-09-29 16:04:17,460 [WARNING] aiogram.dispatcher: Sleep for 5.037025 seconds and try again... (tryings = 54, bot id = 8707195513)
2026-09-29 16:04:27,668 [ERROR] aiogram.dispatcher: Failed to fetch updates - TelegramConflictError: Telegram server says - Conflict: terminated by other getUpdates request; make sure that only one bot instance is running
2026-09-29 16:04:27,668 [WARNING] aiogram.dispatcher: Sleep for 5.003732 seconds and try again... (tryings = 55, bot id = 8707195513)
2026-09-29 16:04:38,011 [ERROR] aiogram.dispatcher: Failed to fetch updates - TelegramConflictError: Telegram server says - Conflict: terminated by other getUpdates request; make sure that only one bot instance is running
2026-09-29 16:04:38,011 [WARNING] aiogram.dispatcher: Sleep for 5.243046 seconds and try again... (tryings = 56, bot id = 8707195513)
2026-09-29 16:04:48,319 [ERROR] aiogram.dispatcher: Failed to fetch updates - TelegramConflictError: Telegram server says - Conflict: terminated by other getUpdates request; make sure that only one bot instance is running
2026-09-29 16:04:48,319 [WARNING] aiogram.dispatcher: Sleep for 4.985614 seconds and try again... (tryings = 57, bot id = 8707195513)
2026-09-29 16:04:58,391 [ERROR] aiogram.dispatcher: Failed to fetch updates - TelegramConflictError: Telegram server says - Conflict: terminated by other getUpdates request; make sure that only one bot instance is running
2026-09-29 16:04:58,392 [WARNING] aiogram.dispatcher: Sleep for 5.028046 seconds and try again... (tryings = 58, bot id = 8707195513)
2026-09-29 16:05:08,632 [ERROR] aiogram.dispatcher: Failed to fetch updates - TelegramConflictError: Telegram server says - Conflict: terminated by other getUpdates request; make sure that only one bot instance is running
2026-09-29 16:05:08,632 [WARNING] aiogram.dispatcher: Sleep for 5.056642 seconds and try again... (tryings = 59, bot id = 8707195513)
2026-09-29 16:05:18,980 [ERROR] aiogram.dispatcher: Failed to fetch updates - TelegramConflictError: Telegram server says - Conflict: terminated by other getUpdates request; make sure that only one bot instance is running
2026-09-29 16:05:18,980 [WARNING] aiogram.dispatcher: Sleep for 5.019365 seconds and try again... (tryings = 60, bot id = 8707195513)
2026-09-29 16:05:29,077 [ERROR] aiogram.dispatcher: Failed to fetch updates - TelegramConflictError: Telegram server says - Conflict: terminated by other getUpdates request; make sure that only one bot instance is running
2026-09-29 16:05:29,077 [WARNING] aiogram.dispatcher: Sleep for 4.904064 seconds and try again... (tryings = 61, bot id = 8707195513)
2026-09-29 16:05:39,146 [ERROR] aiogram.dispatcher: Failed to fetch updates - TelegramConflictError: Telegram server says - Conflict: terminated by other getUpdates request; make sure that only one bot instance is running
2026-09-29 16:05:39,147 [WARNING] aiogram.dispatcher: Sleep for 5.009672 seconds and try again... (tryings = 62, bot id = 8707195513)
2026-09-29 16:05:49,235 [ERROR] aiogram.dispatcher: Failed to fetch updates - TelegramConflictError: Telegram server says - Conflict: terminated by other getUpdates request; make sure that only one bot instance is running
2026-09-29 16:05:49,235 [WARNING] aiogram.dispatcher: Sleep for 4.929471 seconds and try again... (tryings = 63, bot id = 8707195513)
2026-09-29 16:05:59,336 [ERROR] aiogram.dispatcher: Failed to fetch updates - TelegramConflictError: Telegram server says - Conflict: terminated by other getUpdates request; make sure that only one bot instance is running
2026-09-29 16:05:59,336 [WARNING] aiogram.dispatcher: Sleep for 5.000328 seconds and try again... (tryings = 64, bot id = 8707195513)
2026-09-29 16:06:09,429 [ERROR] aiogram.dispatcher: Failed to fetch updates - TelegramConflictError: Telegram server says - Conflict: terminated by other getUpdates request; make sure that only one bot instance is running
2026-09-29 16:06:09,430 [WARNING] aiogram.dispatcher: Sleep for 5.067849 seconds and try again... (tryings = 65, bot id = 8707195513)
2026-09-29 16:06:19,644 [ERROR] aiogram.dispatcher: Failed to fetch updates - TelegramConflictError: Telegram server says - Conflict: terminated by other getUpdates request; make sure that only one bot instance is running
2026-09-29 16:06:19,644 [WARNING] aiogram.dispatcher: Sleep for 5.043551 seconds and try again... (tryings = 66, bot id = 8707195513)
2026-09-29 16:06:29,896 [ERROR] aiogram.dispatcher: Failed to fetch updates - TelegramConflictError: Telegram server says - Conflict: terminated by other getUpdates request; make sure that only one bot instance is running
2026-09-29 16:06:29,896 [WARNING] aiogram.dispatcher: Sleep for 4.852918 seconds and try again... (tryings = 67, bot id = 8707195513)
2026-09-29 16:06:39,942 [ERROR] aiogram.dispatcher: Failed to fetch updates - TelegramConflictError: Telegram server says - Conflict: terminated by other getUpdates request; make sure that only one bot instance is running
2026-09-29 16:06:39,942 [WARNING] aiogram.dispatcher: Sleep for 4.884450 seconds and try again... (tryings = 68, bot id = 8707195513)
2026-09-29 16:06:49,895 [ERROR] aiogram.dispatcher: Failed to fetch updates - TelegramConflictError: Telegram server says - Conflict: terminated by other getUpdates request; make sure that only one bot instance is running
2026-09-29 16:06:49,895 [WARNING] aiogram.dispatcher: Sleep for 4.798391 seconds and try again... (tryings = 69, bot id = 8707195513)
2026-09-29 16:06:59,731 [ERROR] aiogram.dispatcher: Failed to fetch updates - TelegramConflictError: Telegram server says - Conflict: terminated by other getUpdates request; make sure that only one bot instance is running
2026-09-29 16:06:59,731 [WARNING] aiogram.dispatcher: Sleep for 4.840824 seconds and try again... (tryings = 70, bot id = 8707195513)
2026-09-29 16:07:09,700 [ERROR] aiogram.dispatcher: Failed to fetch updates - TelegramConflictError: Telegram server says - Conflict: terminated by other getUpdates request; make sure that only one bot instance is running
2026-09-29 16:07:09,700 [WARNING] aiogram.dispatcher: Sleep for 5.040860 seconds and try again... (tryings = 71, bot id = 8707195513)
2026-09-29 16:07:19,940 [ERROR] aiogram.dispatcher: Failed to fetch updates - TelegramConflictError: Telegram server says - Conflict: terminated by other getUpdates request; make sure that only one bot instance is running
2026-09-29 16:07:19,941 [WARNING] aiogram.dispatcher: Sleep for 5.036669 seconds and try again... (tryings = 72, bot id = 8707195513)
2026-09-29 16:07:29,985 [ERROR] aiogram.dispatcher: Failed to fetch updates - TelegramConflictError: Telegram server says - Conflict: terminated by other getUpdates request; make sure that only one bot instance is running
2026-09-29 16:07:29,985 [WARNING] aiogram.dispatcher: Sleep for 5.055450 seconds and try again... (tryings = 73, bot id = 8707195513)
2026-09-29 16:07:40,254 [ERROR] aiogram.dispatcher: Failed to fetch updates - TelegramConflictError: Telegram server says - Conflict: terminated by other getUpdates request; make sure that only one bot instance is running
2026-09-29 16:07:40,254 [WARNING] aiogram.dispatcher: Sleep for 5.049230 seconds and try again... (tryings = 74, bot id = 8707195513)
2026-09-29 16:07:50,432 [ERROR] aiogram.dispatcher: Failed to fetch updates - TelegramConflictError: Telegram server says - Conflict: terminated by other getUpdates request; make sure that only one bot instance is running
2026-09-29 16:07:50,433 [WARNING] aiogram.dispatcher: Sleep for 5.076122 seconds and try again... (tryings = 75, bot id = 8707195513)
2026-09-29 16:08:00,640 [ERROR] aiogram.dispatcher: Failed to fetch updates - TelegramConflictError: Telegram server says - Conflict: terminated by other getUpdates request; make sure that only one bot instance is running
2026-09-29 16:08:00,640 [WARNING] aiogram.dispatcher: Sleep for 4.989863 seconds and try again... (tryings = 76, bot id = 8707195513)
2026-09-29 16:08:10,590 [ERROR] aiogram.dispatcher: Failed to fetch updates - TelegramConflictError: Telegram server says - Conflict: terminated by other getUpdates request; make sure that only one bot instance is running
2026-09-29 16:08:10,590 [WARNING] aiogram.dispatcher: Sleep for 5.041192 seconds and try again... (tryings = 77, bot id = 8707195513)
2026-09-29 16:08:20,735 [ERROR] aiogram.dispatcher: Failed to fetch updates - TelegramConflictError: Telegram server says - Conflict: terminated by other getUpdates request; make sure that only one bot instance is running
2026-09-29 16:08:20,735 [WARNING] aiogram.dispatcher: Sleep for 4.966523 seconds and try again... (tryings = 78, bot id = 8707195513)
2026-09-29 16:08:30,856 [ERROR] aiogram.dispatcher: Failed to fetch updates - TelegramConflictError: Telegram server says - Conflict: terminated by other getUpdates request; make sure that only one bot instance is running
2026-09-29 16:08:30,857 [WARNING] aiogram.dispatcher: Sleep for 4.893092 seconds and try again... (tryings = 79, bot id = 8707195513)
2026-09-29 16:08:40,886 [ERROR] aiogram.dispatcher: Failed to fetch updates - TelegramConflictError: Telegram server says - Conflict: terminated by other getUpdates request; make sure that only one bot instance is running
2026-09-29 16:08:40,886 [WARNING] aiogram.dispatcher: Sleep for 5.160730 seconds and try again... (tryings = 80, bot id = 8707195513)
2026-09-29 16:08:51,139 [ERROR] aiogram.dispatcher: Failed to fetch updates - TelegramConflictError: Telegram server says - Conflict: terminated by other getUpdates request; make sure that only one bot instance is running
2026-09-29 16:08:51,140 [WARNING] aiogram.dispatcher: Sleep for 4.959269 seconds and try again... (tryings = 81, bot id = 8707195513)
2026-09-29 16:09:01,101 [ERROR] aiogram.dispatcher: Failed to fetch updates - TelegramConflictError: Telegram server says - Conflict: terminated by other getUpdates request; make sure that only one bot instance is running
2026-09-29 16:09:01,101 [WARNING] aiogram.dispatcher: Sleep for 4.739630 seconds and try again... (tryings = 82, bot id = 8707195513)
2026-09-29 16:09:10,926 [ERROR] aiogram.dispatcher: Failed to fetch updates - TelegramConflictError: Telegram server says - Conflict: terminated by other getUpdates request; make sure that only one bot instance is running
2026-09-29 16:09:10,926 [WARNING] aiogram.dispatcher: Sleep for 5.085284 seconds and try again... (tryings = 83, bot id = 8707195513)
2026-09-29 16:09:21,276 [ERROR] aiogram.dispatcher: Failed to fetch updates - TelegramConflictError: Telegram server says - Conflict: terminated by other getUpdates request; make sure that only one bot instance is running
2026-09-29 16:09:21,276 [WARNING] aiogram.dispatcher: Sleep for 5.079804 seconds and try again... (tryings = 84, bot id = 8707195513)
2026-09-29 16:09:31,435 [ERROR] aiogram.dispatcher: Failed to fetch updates - TelegramConflictError: Telegram server says - Conflict: terminated by other getUpdates request; make sure that only one bot instance is running
2026-09-29 16:09:31,435 [WARNING] aiogram.dispatcher: Sleep for 4.799572 seconds and try again... (tryings = 85, bot id = 8707195513)
2026-09-29 16:09:41,436 [ERROR] aiogram.dispatcher: Failed to fetch updates - TelegramConflictError: Telegram server says - Conflict: terminated by other getUpdates request; make sure that only one bot instance is running
2026-09-29 16:09:41,436 [WARNING] aiogram.dispatcher: Sleep for 4.948025 seconds and try again... (tryings = 86, bot id = 8707195513)
2026-09-29 16:09:51,561 [ERROR] aiogram.dispatcher: Failed to fetch updates - TelegramConflictError: Telegram server says - Conflict: terminated by other getUpdates request; make sure that only one bot instance is running
2026-09-29 16:09:51,561 [WARNING] aiogram.dispatcher: Sleep for 5.015378 seconds and try again... (tryings = 87, bot id = 8707195513)
2026-09-29 16:10:01,658 [ERROR] aiogram.dispatcher: Failed to fetch updates - TelegramConflictError: Telegram server says - Conflict: terminated by other getUpdates request; make sure that only one bot instance is running
2026-09-29 16:10:01,658 [WARNING] aiogram.dispatcher: Sleep for 4.830845 seconds and try again... (tryings = 88, bot id = 8707195513)
2026-09-29 16:10:11,518 [ERROR] aiogram.dispatcher: Failed to fetch updates - TelegramConflictError: Telegram server says - Conflict: terminated by other getUpdates request; make sure that only one bot instance is running
2026-09-29 16:10:11,518 [WARNING] aiogram.dispatcher: Sleep for 5.162363 seconds and try again... (tryings = 89, bot id = 8707195513)
2026-09-29 16:10:21,874 [ERROR] aiogram.dispatcher: Failed to fetch updates - TelegramConflictError: Telegram server says - Conflict: terminated by other getUpdates request; make sure that only one bot instance is running
2026-09-29 16:10:21,875 [WARNING] aiogram.dispatcher: Sleep for 5.131172 seconds and try again... (tryings = 90, bot id = 8707195513)
2026-09-29 16:10:32,165 [ERROR] aiogram.dispatcher: Failed to fetch updates - TelegramConflictError: Telegram server says - Conflict: terminated by other getUpdates request; make sure that only one bot instance is running
2026-09-29 16:10:32,165 [WARNING] aiogram.dispatcher: Sleep for 5.048454 seconds and try again... (tryings = 91, bot id = 8707195513)
2026-09-29 16:10:42,332 [ERROR] aiogram.dispatcher: Failed to fetch updates - TelegramConflictError: Telegram server says - Conflict: terminated by other getUpdates request; make sure that only one bot instance is running
2026-09-29 16:10:42,332 [WARNING] aiogram.dispatcher: Sleep for 5.025891 seconds and try again... (tryings = 92, bot id = 8707195513)
2026-09-29 16:10:52,249 [ERROR] aiogram.dispatcher: Failed to fetch updates - TelegramConflictError: Telegram server says - Conflict: terminated by other getUpdates request; make sure that only one bot instance is running
2026-09-29 16:10:52,249 [WARNING] aiogram.dispatcher: Sleep for 4.953792 seconds and try again... (tryings = 93, bot id = 8707195513)
2026-09-29 16:11:02,279 [ERROR] aiogram.dispatcher: Failed to fetch updates - TelegramConflictError: Telegram server says - Conflict: terminated by other getUpdates request; make sure that only one bot instance is running
2026-09-29 16:11:02,279 [WARNING] aiogram.dispatcher: Sleep for 5.231647 seconds and try again... (tryings = 94, bot id = 8707195513)
2026-09-29 16:11:12,635 [ERROR] aiogram.dispatcher: Failed to fetch updates - TelegramConflictError: Telegram server says - Conflict: terminated by other getUpdates request; make sure that only one bot instance is running
2026-09-29 16:11:12,635 [WARNING] aiogram.dispatcher: Sleep for 5.148661 seconds and try again... (tryings = 95, bot id = 8707195513)
2026-09-29 16:11:22,896 [ERROR] aiogram.dispatcher: Failed to fetch updates - TelegramConflictError: Telegram server says - Conflict: terminated by other getUpdates request; make sure that only one bot instance is running
2026-09-29 16:11:22,896 [WARNING] aiogram.dispatcher: Sleep for 5.132986 seconds and try again... (tryings = 96, bot id = 8707195513)
2026-09-29 16:11:33,209 [ERROR] aiogram.dispatcher: Failed to fetch updates - TelegramConflictError: Telegram server says - Conflict: terminated by other getUpdates request; make sure that only one bot instance is running
2026-09-29 16:11:33,209 [WARNING] aiogram.dispatcher: Sleep for 4.975911 seconds and try again... (tryings = 97, bot id = 8707195513)
2026-09-29 16:11:43,233 [ERROR] aiogram.dispatcher: Failed to fetch updates - TelegramConflictError: Telegram server says - Conflict: terminated by other getUpdates request; make sure that only one bot instance is running
2026-09-29 16:11:43,233 [WARNING] aiogram.dispatcher: Sleep for 4.998458 seconds and try again... (tryings = 98, bot id = 8707195513)
2026-09-29 16:11:53,342 [ERROR] aiogram.dispatcher: Failed to fetch updates - TelegramConflictError: Telegram server says - Conflict: terminated by other getUpdates request; make sure that only one bot instance is running
2026-09-29 16:11:53,343 [WARNING] aiogram.dispatcher: Sleep for 4.896887 seconds and try again... (tryings = 99, bot id = 8707195513)
2026-09-29 16:12:03,515 [ERROR] aiogram.dispatcher: Failed to fetch updates - TelegramConflictError: Telegram server says - Conflict: terminated by other getUpdates request; make sure that only one bot instance is running
2026-09-29 16:12:03,516 [WARNING] aiogram.dispatcher: Sleep for 5.044911 seconds and try again... (tryings = 100, bot id = 8707195513)
2026-09-29 16:12:13,683 [ERROR] aiogram.dispatcher: Failed to fetch updates - TelegramConflictError: Telegram server says - Conflict: terminated by other getUpdates request; make sure that only one bot instance is running
2026-09-29 16:12:13,683 [WARNING] aiogram.dispatcher: Sleep for 4.996756 seconds and try again... (tryings = 101, bot id = 8707195513)
2026-09-29 16:12:23,899 [ERROR] aiogram.dispatcher: Failed to fetch updates - TelegramConflictError: Telegram server says - Conflict: terminated by other getUpdates request; make sure that only one bot instance is running
2026-09-29 16:12:23,899 [WARNING] aiogram.dispatcher: Sleep for 5.055603 seconds and try again... (tryings = 102, bot id = 8707195513)
2026-09-29 16:12:34,212 [ERROR] aiogram.dispatcher: Failed to fetch updates - TelegramConflictError: Telegram server says - Conflict: terminated by other getUpdates request; make sure that only one bot instance is running
2026-09-29 16:12:34,212 [WARNING] aiogram.dispatcher: Sleep for 4.958225 seconds and try again... (tryings = 103, bot id = 8707195513)
2026-09-29 16:12:44,267 [ERROR] aiogram.dispatcher: Failed to fetch updates - TelegramConflictError: Telegram server says - Conflict: terminated by other getUpdates request; make sure that only one bot instance is running
2026-09-29 16:12:44,267 [WARNING] aiogram.dispatcher: Sleep for 5.040987 seconds and try again... (tryings = 104, bot id = 8707195513)
2026-09-29 16:12:54,419 [ERROR] aiogram.dispatcher: Failed to fetch updates - TelegramConflictError: Telegram server says - Conflict: terminated by other getUpdates request; make sure that only one bot instance is running
2026-09-29 16:12:54,419 [WARNING] aiogram.dispatcher: Sleep for 5.062709 seconds and try again... (tryings = 105, bot id = 8707195513)
2026-09-29 16:13:04,626 [ERROR] aiogram.dispatcher: Failed to fetch updates - TelegramConflictError: Telegram server says - Conflict: terminated by other getUpdates request; make sure that only one bot instance is running
2026-09-29 16:13:04,626 [WARNING] aiogram.dispatcher: Sleep for 4.994243 seconds and try again... (tryings = 106, bot id = 8707195513)
2026-09-29 16:13:14,803 [ERROR] aiogram.dispatcher: Failed to fetch updates - TelegramConflictError: Telegram server says - Conflict: terminated by other getUpdates request; make sure that only one bot instance is running
2026-09-29 16:13:14,803 [WARNING] aiogram.dispatcher: Sleep for 4.970223 seconds and try again... (tryings = 107, bot id = 8707195513)
2026-09-29 16:13:25,064 [ERROR] aiogram.dispatcher: Failed to fetch updates - TelegramConflictError: Telegram server says - Conflict: terminated by other getUpdates request; make sure that only one bot instance is running
2026-09-29 16:13:25,064 [WARNING] aiogram.dispatcher: Sleep for 4.940861 seconds and try again... (tryings = 108, bot id = 8707195513)
2026-09-29 16:13:35,185 [ERROR] aiogram.dispatcher: Failed to fetch updates - TelegramConflictError: Telegram server says - Conflict: terminated by other getUpdates request; make sure that only one bot instance is running
2026-09-29 16:13:35,185 [WARNING] aiogram.dispatcher: Sleep for 5.013284 seconds and try again... (tryings = 109, bot id = 8707195513)
2026-09-29 16:13:45,462 [ERROR] aiogram.dispatcher: Failed to fetch updates - TelegramConflictError: Telegram server says - Conflict: terminated by other getUpdates request; make sure that only one bot instance is running
2026-09-29 16:13:45,462 [WARNING] aiogram.dispatcher: Sleep for 5.221050 seconds and try again... (tryings = 110, bot id = 8707195513)
2026-09-29 16:13:55,631 [ERROR] aiogram.dispatcher: Failed to fetch updates - TelegramConflictError: Telegram server says - Conflict: terminated by other getUpdates request; make sure that only one bot instance is running
2026-09-29 16:13:55,631 [WARNING] aiogram.dispatcher: Sleep for 5.072018 seconds and try again... (tryings = 111, bot id = 8707195513)
2026-09-29 16:14:05,816 [ERROR] aiogram.dispatcher: Failed to fetch updates - TelegramConflictError: Telegram server says - Conflict: terminated by other getUpdates request; make sure that only one bot instance is running
2026-09-29 16:14:05,817 [WARNING] aiogram.dispatcher: Sleep for 4.892466 seconds and try again... (tryings = 112, bot id = 8707195513)
2026-09-29 16:14:15,930 [ERROR] aiogram.dispatcher: Failed to fetch updates - TelegramConflictError: Telegram server says - Conflict: terminated by other getUpdates request; make sure that only one bot instance is running
2026-09-29 16:14:15,930 [WARNING] aiogram.dispatcher: Sleep for 5.118897 seconds and try again... (tryings = 113, bot id = 8707195513)
2026-09-29 16:14:26,267 [ERROR] aiogram.dispatcher: Failed to fetch updates - TelegramConflictError: Telegram server says - Conflict: terminated by other getUpdates request; make sure that only one bot instance is running
2026-09-29 16:14:26,267 [WARNING] aiogram.dispatcher: Sleep for 5.056826 seconds and try again... (tryings = 114, bot id = 8707195513)
2026-09-29 16:14:36,485 [ERROR] aiogram.dispatcher: Failed to fetch updates - TelegramConflictError: Telegram server says - Conflict: terminated by other getUpdates request; make sure that only one bot instance is running
2026-09-29 16:14:36,485 [WARNING] aiogram.dispatcher: Sleep for 5.182645 seconds and try again... (tryings = 115, bot id = 8707195513)
2026-09-29 16:14:46,780 [ERROR] aiogram.dispatcher: Failed to fetch updates - TelegramConflictError: Telegram server says - Conflict: terminated by other getUpdates request; make sure that only one bot instance is running
2026-09-29 16:14:46,781 [WARNING] aiogram.dispatcher: Sleep for 4.787041 seconds and try again... (tryings = 116, bot id = 8707195513)
2026-09-29 16:14:56,625 [ERROR] aiogram.dispatcher: Failed to fetch updates - TelegramConflictError: Telegram server says - Conflict: terminated by other getUpdates request; make sure that only one bot instance is running
2026-09-29 16:14:56,625 [WARNING] aiogram.dispatcher: Sleep for 5.096046 seconds and try again... (tryings = 117, bot id = 8707195513)
2026-09-29 16:15:06,882 [ERROR] aiogram.dispatcher: Failed to fetch updates - TelegramConflictError: Telegram server says - Conflict: terminated by other getUpdates request; make sure that only one bot instance is running
2026-09-29 16:15:06,882 [WARNING] aiogram.dispatcher: Sleep for 5.043548 seconds and try again... (tryings = 118, bot id = 8707195513)
2026-09-29 16:15:17,195 [ERROR] aiogram.dispatcher: Failed to fetch updates - TelegramConflictError: Telegram server says - Conflict: terminated by other getUpdates request; make sure that only one bot instance is running
2026-09-29 16:15:17,195 [WARNING] aiogram.dispatcher: Sleep for 4.939974 seconds and try again... (tryings = 119, bot id = 8707195513)
2026-09-29 16:15:27,362 [ERROR] aiogram.dispatcher: Failed to fetch updates - TelegramConflictError: Telegram server says - Conflict: terminated by other getUpdates request; make sure that only one bot instance is running
2026-09-29 16:15:27,362 [WARNING] aiogram.dispatcher: Sleep for 5.061875 seconds and try again... (tryings = 120, bot id = 8707195513)
2026-09-29 16:15:37,346 [ERROR] aiogram.dispatcher: Failed to fetch updates - TelegramConflictError: Telegram server says - Conflict: terminated by other getUpdates request; make sure that only one bot instance is running
2026-09-29 16:15:37,346 [WARNING] aiogram.dispatcher: Sleep for 4.898321 seconds and try again... (tryings = 121, bot id = 8707195513)
2026-09-29 16:15:47,410 [ERROR] aiogram.dispatcher: Failed to fetch updates - TelegramConflictError: Telegram server says - Conflict: terminated by other getUpdates request; make sure that only one bot instance is running
2026-09-29 16:15:47,410 [WARNING] aiogram.dispatcher: Sleep for 5.005022 seconds and try again... (tryings = 122, bot id = 8707195513)
2026-09-29 16:15:57,476 [ERROR] aiogram.dispatcher: Failed to fetch updates - TelegramConflictError: Telegram server says - Conflict: terminated by other getUpdates request; make sure that only one bot instance is running
2026-09-29 16:15:57,476 [WARNING] aiogram.dispatcher: Sleep for 5.090018 seconds and try again... (tryings = 123, bot id = 8707195513)
2026-09-29 16:16:07,593 [ERROR] aiogram.dispatcher: Failed to fetch updates - TelegramConflictError: Telegram server says - Conflict: terminated by other getUpdates request; make sure that only one bot instance is running
2026-09-29 16:16:07,593 [WARNING] aiogram.dispatcher: Sleep for 5.068162 seconds and try again... (tryings = 124, bot id = 8707195513)
2026-09-29 16:16:17,824 [ERROR] aiogram.dispatcher: Failed to fetch updates - TelegramConflictError: Telegram server says - Conflict: terminated by other getUpdates request; make sure that only one bot instance is running
2026-09-29 16:16:17,824 [WARNING] aiogram.dispatcher: Sleep for 4.854550 seconds and try again... (tryings = 125, bot id = 8707195513)
2026-09-29 16:16:27,704 [ERROR] aiogram.dispatcher: Failed to fetch updates - TelegramConflictError: Telegram server says - Conflict: terminated by other getUpdates request; make sure that only one bot instance is running
2026-09-29 16:16:27,705 [WARNING] aiogram.dispatcher: Sleep for 5.100560 seconds and try again... (tryings = 126, bot id = 8707195513)
2026-09-29 16:16:37,851 [ERROR] aiogram.dispatcher: Failed to fetch updates - TelegramConflictError: Telegram server says - Conflict: terminated by other getUpdates request; make sure that only one bot instance is running
2026-09-29 16:16:37,851 [WARNING] aiogram.dispatcher: Sleep for 4.994470 seconds and try again... (tryings = 127, bot id = 8707195513)
2026-09-29 16:16:47,911 [ERROR] aiogram.dispatcher: Failed to fetch updates - TelegramConflictError: Telegram server says - Conflict: terminated by other getUpdates request; make sure that only one bot instance is running
2026-09-29 16:16:47,911 [WARNING] aiogram.dispatcher: Sleep for 4.890284 seconds and try again... (tryings = 128, bot id = 8707195513)
2026-09-29 16:16:58,002 [ERROR] aiogram.dispatcher: Failed to fetch updates - TelegramConflictError: Telegram server says - Conflict: terminated by other getUpdates request; make sure that only one bot instance is running
2026-09-29 16:16:58,002 [WARNING] aiogram.dispatcher: Sleep for 5.071070 seconds and try again... (tryings = 129, bot id = 8707195513)
2026-09-29 16:17:08,164 [ERROR] aiogram.dispatcher: Failed to fetch updates - TelegramConflictError: Telegram server says - Conflict: terminated by other getUpdates request; make sure that only one bot instance is running
2026-09-29 16:17:08,168 [WARNING] aiogram.dispatcher: Sleep for 4.968731 seconds and try again... (tryings = 130, bot id = 8707195513)
2026-09-29 16:17:18,275 [ERROR] aiogram.dispatcher: Failed to fetch updates - TelegramConflictError: Telegram server says - Conflict: terminated by other getUpdates request; make sure that only one bot instance is running
2026-09-29 16:17:18,275 [WARNING] aiogram.dispatcher: Sleep for 4.975456 seconds and try again... (tryings = 131, bot id = 8707195513)
2026-09-29 16:17:28,334 [ERROR] aiogram.dispatcher: Failed to fetch updates - TelegramConflictError: Telegram server says - Conflict: terminated by other getUpdates request; make sure that only one bot instance is running
2026-09-29 16:17:28,334 [WARNING] aiogram.dispatcher: Sleep for 5.116314 seconds and try again... (tryings = 132, bot id = 8707195513)
2026-09-29 16:17:38,484 [ERROR] aiogram.dispatcher: Failed to fetch updates - TelegramConflictError: Telegram server says - Conflict: terminated by other getUpdates request; make sure that only one bot instance is running
2026-09-29 16:17:38,484 [WARNING] aiogram.dispatcher: Sleep for 5.099973 seconds and try again... (tryings = 133, bot id = 8707195513)
2026-09-29 16:17:48,642 [ERROR] aiogram.dispatcher: Failed to fetch updates - TelegramConflictError: Telegram server says - Conflict: terminated by other getUpdates request; make sure that only one bot instance is running
2026-09-29 16:17:48,643 [WARNING] aiogram.dispatcher: Sleep for 5.035745 seconds and try again... (tryings = 134, bot id = 8707195513)
2026-09-29 16:17:58,958 [ERROR] aiogram.dispatcher: Failed to fetch updates - TelegramConflictError: Telegram server says - Conflict: terminated by other getUpdates request; make sure that only one bot instance is running
2026-09-29 16:17:58,958 [WARNING] aiogram.dispatcher: Sleep for 4.952538 seconds and try again... (tryings = 135, bot id = 8707195513)
2026-09-29 16:18:09,084 [ERROR] aiogram.dispatcher: Failed to fetch updates - TelegramConflictError: Telegram server says - Conflict: terminated by other getUpdates request; make sure that only one bot instance is running
2026-09-29 16:18:09,084 [WARNING] aiogram.dispatcher: Sleep for 5.097851 seconds and try again... (tryings = 136, bot id = 8707195513)
2026-09-29 16:18:19,473 [ERROR] aiogram.dispatcher: Failed to fetch updates - TelegramConflictError: Telegram server says - Conflict: terminated by other getUpdates request; make sure that only one bot instance is running
2026-09-29 16:18:19,474 [WARNING] aiogram.dispatcher: Sleep for 4.845358 seconds and try again... (tryings = 137, bot id = 8707195513)
2026-09-29 16:18:29,392 [ERROR] aiogram.dispatcher: Failed to fetch updates - TelegramConflictError: Telegram server says - Conflict: terminated by other getUpdates request; make sure that only one bot instance is running
2026-09-29 16:18:29,392 [WARNING] aiogram.dispatcher: Sleep for 5.127100 seconds and try again... (tryings = 138, bot id = 8707195513)
2026-09-29 16:18:39,811 [ERROR] aiogram.dispatcher: Failed to fetch updates - TelegramConflictError: Telegram server says - Conflict: terminated by other getUpdates request; make sure that only one bot instance is running
2026-09-29 16:18:39,811 [WARNING] aiogram.dispatcher: Sleep for 5.053126 seconds and try again... (tryings = 139, bot id = 8707195513)
2026-09-29 16:18:49,973 [ERROR] aiogram.dispatcher: Failed to fetch updates - TelegramConflictError: Telegram server says - Conflict: terminated by other getUpdates request; make sure that only one bot instance is running
2026-09-29 16:18:49,973 [WARNING] aiogram.dispatcher: Sleep for 5.031382 seconds and try again... (tryings = 140, bot id = 8707195513)
2026-09-29 16:19:00,126 [ERROR] aiogram.dispatcher: Failed to fetch updates - TelegramConflictError: Telegram server says - Conflict: terminated by other getUpdates request; make sure that only one bot instance is running
2026-09-29 16:19:00,127 [WARNING] aiogram.dispatcher: Sleep for 4.988549 seconds and try again... (tryings = 141, bot id = 8707195513)
2026-09-29 16:19:10,049 [ERROR] aiogram.dispatcher: Failed to fetch updates - TelegramConflictError: Telegram server says - Conflict: terminated by other getUpdates request; make sure that only one bot instance is running
2026-09-29 16:19:10,050 [WARNING] aiogram.dispatcher: Sleep for 4.990022 seconds and try again... (tryings = 142, bot id = 8707195513)
2026-09-29 16:19:20,284 [ERROR] aiogram.dispatcher: Failed to fetch updates - TelegramConflictError: Telegram server says - Conflict: terminated by other getUpdates request; make sure that only one bot instance is running
2026-09-29 16:19:20,284 [WARNING] aiogram.dispatcher: Sleep for 4.967837 seconds and try again... (tryings = 143, bot id = 8707195513)
2026-09-29 16:19:30,452 [ERROR] aiogram.dispatcher: Failed to fetch updates - TelegramConflictError: Telegram server says - Conflict: terminated by other getUpdates request; make sure that only one bot instance is running
2026-09-29 16:19:30,453 [WARNING] aiogram.dispatcher: Sleep for 4.928685 seconds and try again... (tryings = 144, bot id = 8707195513)
2026-09-29 16:19:40,518 [ERROR] aiogram.dispatcher: Failed to fetch updates - TelegramConflictError: Telegram server says - Conflict: terminated by other getUpdates request; make sure that only one bot instance is running
2026-09-29 16:19:40,519 [WARNING] aiogram.dispatcher: Sleep for 5.114763 seconds and try again... (tryings = 145, bot id = 8707195513)
2026-09-29 16:19:50,750 [ERROR] aiogram.dispatcher: Failed to fetch updates - TelegramConflictError: Telegram server says - Conflict: terminated by other getUpdates request; make sure that only one bot instance is running
2026-09-29 16:19:50,750 [WARNING] aiogram.dispatcher: Sleep for 5.116374 seconds and try again... (tryings = 146, bot id = 8707195513)
2026-09-29 16:20:01,273 [ERROR] aiogram.dispatcher: Failed to fetch updates - TelegramConflictError: Telegram server says - Conflict: terminated by other getUpdates request; make sure that only one bot instance is running
2026-09-29 16:20:01,273 [WARNING] aiogram.dispatcher: Sleep for 5.073940 seconds and try again... (tryings = 147, bot id = 8707195513)
2026-09-29 16:20:11,602 [ERROR] aiogram.dispatcher: Failed to fetch updates - TelegramConflictError: Telegram server says - Conflict: terminated by other getUpdates request; make sure that only one bot instance is running
2026-09-29 16:20:11,603 [WARNING] aiogram.dispatcher: Sleep for 4.903082 seconds and try again... (tryings = 148, bot id = 8707195513)
2026-09-29 16:20:21,646 [ERROR] aiogram.dispatcher: Failed to fetch updates - TelegramConflictError: Telegram server says - Conflict: terminated by other getUpdates request; make sure that only one bot instance is running
2026-09-29 16:20:21,646 [WARNING] aiogram.dispatcher: Sleep for 5.156868 seconds and try again... (tryings = 149, bot id = 8707195513)
2026-09-29 16:20:31,986 [ERROR] aiogram.dispatcher: Failed to fetch updates - TelegramConflictError: Telegram server says - Conflict: terminated by other getUpdates request; make sure that only one bot instance is running
2026-09-29 16:20:31,986 [WARNING] aiogram.dispatcher: Sleep for 5.013930 seconds and try again... (tryings = 150, bot id = 8707195513)
2026-09-29 16:20:42,006 [ERROR] aiogram.dispatcher: Failed to fetch updates - TelegramConflictError: Telegram server says - Conflict: terminated by other getUpdates request; make sure that only one bot instance is running
2026-09-29 16:20:42,006 [WARNING] aiogram.dispatcher: Sleep for 5.144654 seconds and try again... (tryings = 151, bot id = 8707195513)
2026-09-29 16:20:52,311 [ERROR] aiogram.dispatcher: Failed to fetch updates - TelegramConflictError: Telegram server says - Conflict: terminated by other getUpdates request; make sure that only one bot instance is running
2026-09-29 16:20:52,311 [WARNING] aiogram.dispatcher: Sleep for 5.060519 seconds and try again... (tryings = 152, bot id = 8707195513)
2026-09-29 16:21:02,355 [ERROR] aiogram.dispatcher: Failed to fetch updates - TelegramConflictError: Telegram server says - Conflict: terminated by other getUpdates request; make sure that only one bot instance is running
2026-09-29 16:21:02,355 [WARNING] aiogram.dispatcher: Sleep for 5.055917 seconds and try again... (tryings = 153, bot id = 8707195513)
2026-09-29 16:21:12,398 [ERROR] aiogram.dispatcher: Failed to fetch updates - TelegramConflictError: Telegram server says - Conflict: terminated by other getUpdates request; make sure that only one bot instance is running
2026-09-29 16:21:12,398 [WARNING] aiogram.dispatcher: Sleep for 4.794169 seconds and try again... (tryings = 154, bot id = 8707195513)
2026-09-29 16:21:22,232 [ERROR] aiogram.dispatcher: Failed to fetch updates - TelegramConflictError: Telegram server says - Conflict: terminated by other getUpdates request; make sure that only one bot instance is running
2026-09-29 16:21:22,232 [WARNING] aiogram.dispatcher: Sleep for 4.985456 seconds and try again... (tryings = 155, bot id = 8707195513)
2026-09-29 16:21:32,397 [ERROR] aiogram.dispatcher: Failed to fetch updates - TelegramConflictError: Telegram server says - Conflict: terminated by other getUpdates request; make sure that only one bot instance is running
2026-09-29 16:21:32,397 [WARNING] aiogram.dispatcher: Sleep for 5.139658 seconds and try again... (tryings = 156, bot id = 8707195513)
2026-09-29 16:21:42,678 [ERROR] aiogram.dispatcher: Failed to fetch updates - TelegramConflictError: Telegram server says - Conflict: terminated by other getUpdates request; make sure that only one bot instance is running
2026-09-29 16:21:42,678 [WARNING] aiogram.dispatcher: Sleep for 4.913948 seconds and try again... (tryings = 157, bot id = 8707195513)
2026-09-29 16:21:52,821 [ERROR] aiogram.dispatcher: Failed to fetch updates - TelegramConflictError: Telegram server says - Conflict: terminated by other getUpdates request; make sure that only one bot instance is running
2026-09-29 16:21:52,821 [WARNING] aiogram.dispatcher: Sleep for 5.046868 seconds and try again... (tryings = 158, bot id = 8707195513)
2026-09-29 16:22:03,040 [ERROR] aiogram.dispatcher: Failed to fetch updates - TelegramConflictError: Telegram server says - Conflict: terminated by other getUpdates request; make sure that only one bot instance is running
2026-09-29 16:22:03,040 [WARNING] aiogram.dispatcher: Sleep for 5.212479 seconds and try again... (tryings = 159, bot id = 8707195513)
2026-09-29 16:22:13,211 [ERROR] aiogram.dispatcher: Failed to fetch updates - TelegramConflictError: Telegram server says - Conflict: terminated by other getUpdates request; make sure that only one bot instance is running
2026-09-29 16:22:13,211 [WARNING] aiogram.dispatcher: Sleep for 4.914074 seconds and try again... (tryings = 160, bot id = 8707195513)
2026-09-29 16:22:23,294 [ERROR] aiogram.dispatcher: Failed to fetch updates - TelegramConflictError: Telegram server says - Conflict: terminated by other getUpdates request; make sure that only one bot instance is running
2026-09-29 16:22:23,294 [WARNING] aiogram.dispatcher: Sleep for 5.078760 seconds and try again... (tryings = 161, bot id = 8707195513)
2026-09-29 16:22:33,330 [ERROR] aiogram.dispatcher: Failed to fetch updates - TelegramConflictError: Telegram server says - Conflict: terminated by other getUpdates request; make sure that only one bot instance is running
2026-09-29 16:22:33,330 [WARNING] aiogram.dispatcher: Sleep for 4.792051 seconds and try again... (tryings = 162, bot id = 8707195513)
2026-09-29 16:22:43,195 [ERROR] aiogram.dispatcher: Failed to fetch updates - TelegramConflictError: Telegram server says - Conflict: terminated by other getUpdates request; make sure that only one bot instance is running
2026-09-29 16:22:43,195 [WARNING] aiogram.dispatcher: Sleep for 5.041361 seconds and try again... (tryings = 163, bot id = 8707195513)
2026-09-29 16:22:53,589 [ERROR] aiogram.dispatcher: Failed to fetch updates - TelegramConflictError: Telegram server says - Conflict: terminated by other getUpdates request; make sure that only one bot instance is running
2026-09-29 16:22:53,589 [WARNING] aiogram.dispatcher: Sleep for 4.965379 seconds and try again... (tryings = 164, bot id = 8707195513)
2026-09-29 16:23:03,558 [ERROR] aiogram.dispatcher: Failed to fetch updates - TelegramConflictError: Telegram server says - Conflict: terminated by other getUpdates request; make sure that only one bot instance is running
2026-09-29 16:23:03,558 [WARNING] aiogram.dispatcher: Sleep for 4.894079 seconds and try again... (tryings = 165, bot id = 8707195513)
2026-09-29 16:23:13,483 [ERROR] aiogram.dispatcher: Failed to fetch updates - TelegramConflictError: Telegram server says - Conflict: terminated by other getUpdates request; make sure that only one bot instance is running
2026-09-29 16:23:13,483 [WARNING] aiogram.dispatcher: Sleep for 5.086407 seconds and try again... (tryings = 166, bot id = 8707195513)
2026-09-29 16:23:23,798 [ERROR] aiogram.dispatcher: Failed to fetch updates - TelegramConflictError: Telegram server says - Conflict: terminated by other getUpdates request; make sure that only one bot instance is running
2026-09-29 16:23:23,798 [WARNING] aiogram.dispatcher: Sleep for 4.947831 seconds and try again... (tryings = 167, bot id = 8707195513)
2026-09-29 16:23:33,856 [ERROR] aiogram.dispatcher: Failed to fetch updates - TelegramConflictError: Telegram server says - Conflict: terminated by other getUpdates request; make sure that only one bot instance is running
2026-09-29 16:23:33,856 [WARNING] aiogram.dispatcher: Sleep for 5.007983 seconds and try again... (tryings = 168, bot id = 8707195513)
2026-09-29 16:23:44,027 [ERROR] aiogram.dispatcher: Failed to fetch updates - TelegramConflictError: Telegram server says - Conflict: terminated by other getUpdates request; make sure that only one bot instance is running
2026-09-29 16:23:44,027 [WARNING] aiogram.dispatcher: Sleep for 4.967878 seconds and try again... (tryings = 169, bot id = 8707195513)
2026-09-29 16:23:54,148 [ERROR] aiogram.dispatcher: Failed to fetch updates - TelegramConflictError: Telegram server says - Conflict: terminated by other getUpdates request; make sure that only one bot instance is running
2026-09-29 16:23:54,148 [WARNING] aiogram.dispatcher: Sleep for 4.974636 seconds and try again... (tryings = 170, bot id = 8707195513)
2026-09-29 16:24:04,183 [ERROR] aiogram.dispatcher: Failed to fetch updates - TelegramConflictError: Telegram server says - Conflict: terminated by other getUpdates request; make sure that only one bot instance is running
2026-09-29 16:24:04,184 [WARNING] aiogram.dispatcher: Sleep for 4.947244 seconds and try again... (tryings = 171, bot id = 8707195513)
2026-09-29 16:24:14,368 [ERROR] aiogram.dispatcher: Failed to fetch updates - TelegramConflictError: Telegram server says - Conflict: terminated by other getUpdates request; make sure that only one bot instance is running
2026-09-29 16:24:14,368 [WARNING] aiogram.dispatcher: Sleep for 5.008982 seconds and try again... (tryings = 172, bot id = 8707195513)
2026-09-29 16:24:24,185 [ERROR] aiogram.dispatcher: Failed to fetch updates - TelegramConflictError: Telegram server says - Conflict: terminated by other getUpdates request; make sure that only one bot instance is running
2026-09-29 16:24:24,185 [WARNING] aiogram.dispatcher: Sleep for 5.097029 seconds and try again... (tryings = 173, bot id = 8707195513)
2026-09-29 16:24:34,473 [ERROR] aiogram.dispatcher: Failed to fetch updates - TelegramConflictError: Telegram server says - Conflict: terminated by other getUpdates request; make sure that only one bot instance is running
2026-09-29 16:24:34,473 [WARNING] aiogram.dispatcher: Sleep for 4.923582 seconds and try again... (tryings = 174, bot id = 8707195513)
2026-09-29 16:24:44,604 [ERROR] aiogram.dispatcher: Failed to fetch updates - TelegramConflictError: Telegram server says - Conflict: terminated by other getUpdates request; make sure that only one bot instance is running
2026-09-29 16:24:44,604 [WARNING] aiogram.dispatcher: Sleep for 4.959689 seconds and try again... (tryings = 175, bot id = 8707195513)
2026-09-29 16:24:54,723 [ERROR] aiogram.dispatcher: Failed to fetch updates - TelegramConflictError: Telegram server says - Conflict: terminated by other getUpdates request; make sure that only one bot instance is running
2026-09-29 16:24:54,723 [WARNING] aiogram.dispatcher: Sleep for 4.990008 seconds and try again... (tryings = 176, bot id = 8707195513)
2026-09-29 16:25:04,848 [ERROR] aiogram.dispatcher: Failed to fetch updates - TelegramConflictError: Telegram server says - Conflict: terminated by other getUpdates request; make sure that only one bot instance is running
2026-09-29 16:25:04,848 [WARNING] aiogram.dispatcher: Sleep for 5.082444 seconds and try again... (tryings = 177, bot id = 8707195513)
2026-09-29 16:25:14,993 [ERROR] aiogram.dispatcher: Failed to fetch updates - TelegramConflictError: Telegram server says - Conflict: terminated by other getUpdates request; make sure that only one bot instance is running
2026-09-29 16:25:14,994 [WARNING] aiogram.dispatcher: Sleep for 5.175628 seconds and try again... (tryings = 178, bot id = 8707195513)
2026-09-29 16:25:25,152 [ERROR] aiogram.dispatcher: Failed to fetch updates - TelegramConflictError: Telegram server says - Conflict: terminated by other getUpdates request; make sure that only one bot instance is running
2026-09-29 16:25:25,153 [WARNING] aiogram.dispatcher: Sleep for 4.969884 seconds and try again... (tryings = 179, bot id = 8707195513)
2026-09-29 16:25:35,189 [ERROR] aiogram.dispatcher: Failed to fetch updates - TelegramConflictError: Telegram server says - Conflict: terminated by other getUpdates request; make sure that only one bot instance is running
2026-09-29 16:25:35,189 [WARNING] aiogram.dispatcher: Sleep for 5.064765 seconds and try again... (tryings = 180, bot id = 8707195513)
2026-09-29 16:25:45,343 [ERROR] aiogram.dispatcher: Failed to fetch updates - TelegramConflictError: Telegram server says - Conflict: terminated by other getUpdates request; make sure that only one bot instance is running
2026-09-29 16:25:45,343 [WARNING] aiogram.dispatcher: Sleep for 5.049942 seconds and try again... (tryings = 181, bot id = 8707195513)
2026-09-29 16:25:55,656 [ERROR] aiogram.dispatcher: Failed to fetch updates - TelegramConflictError: Telegram server says - Conflict: terminated by other getUpdates request; make sure that only one bot instance is running
2026-09-29 16:25:55,656 [WARNING] aiogram.dispatcher: Sleep for 5.015473 seconds and try again... (tryings = 182, bot id = 8707195513)
2026-09-29 16:26:05,880 [ERROR] aiogram.dispatcher: Failed to fetch updates - TelegramConflictError: Telegram server says - Conflict: terminated by other getUpdates request; make sure that only one bot instance is running
2026-09-29 16:26:05,880 [WARNING] aiogram.dispatcher: Sleep for 5.038739 seconds and try again... (tryings = 183, bot id = 8707195513)
2026-09-29 16:26:16,319 [ERROR] aiogram.dispatcher: Failed to fetch updates - TelegramConflictError: Telegram server says - Conflict: terminated by other getUpdates request; make sure that only one bot instance is running
2026-09-29 16:26:16,320 [WARNING] aiogram.dispatcher: Sleep for 5.134900 seconds and try again... (tryings = 184, bot id = 8707195513)
2026-09-29 16:26:26,523 [ERROR] aiogram.dispatcher: Failed to fetch updates - TelegramConflictError: Telegram server says - Conflict: terminated by other getUpdates request; make sure that only one bot instance is running
2026-09-29 16:26:26,523 [WARNING] aiogram.dispatcher: Sleep for 4.931481 seconds and try again... (tryings = 185, bot id = 8707195513)
2026-09-29 16:26:36,575 [ERROR] aiogram.dispatcher: Failed to fetch updates - TelegramConflictError: Telegram server says - Conflict: terminated by other getUpdates request; make sure that only one bot instance is running
2026-09-29 16:26:36,575 [WARNING] aiogram.dispatcher: Sleep for 4.868320 seconds and try again... (tryings = 186, bot id = 8707195513)
2026-09-29 16:26:46,685 [ERROR] aiogram.dispatcher: Failed to fetch updates - TelegramConflictError: Telegram server says - Conflict: terminated by other getUpdates request; make sure that only one bot instance is running
2026-09-29 16:26:46,685 [WARNING] aiogram.dispatcher: Sleep for 4.867238 seconds and try again... (tryings = 187, bot id = 8707195513)
2026-09-29 16:26:56,628 [ERROR] aiogram.dispatcher: Failed to fetch updates - TelegramConflictError: Telegram server says - Conflict: terminated by other getUpdates request; make sure that only one bot instance is running
2026-09-29 16:26:56,628 [WARNING] aiogram.dispatcher: Sleep for 4.977388 seconds and try again... (tryings = 188, bot id = 8707195513)
2026-09-29 16:27:06,609 [ERROR] aiogram.dispatcher: Failed to fetch updates - TelegramConflictError: Telegram server says - Conflict: terminated by other getUpdates request; make sure that only one bot instance is running
2026-09-29 16:27:06,609 [WARNING] aiogram.dispatcher: Sleep for 5.140375 seconds and try again... (tryings = 189, bot id = 8707195513)
2026-09-29 16:27:16,945 [ERROR] aiogram.dispatcher: Failed to fetch updates - TelegramConflictError: Telegram server says - Conflict: terminated by other getUpdates request; make sure that only one bot instance is running
2026-09-29 16:27:16,945 [WARNING] aiogram.dispatcher: Sleep for 4.966681 seconds and try again... (tryings = 190, bot id = 8707195513)
2026-09-29 16:27:27,074 [ERROR] aiogram.dispatcher: Failed to fetch updates - TelegramConflictError: Telegram server says - Conflict: terminated by other getUpdates request; make sure that only one bot instance is running
2026-09-29 16:27:27,074 [WARNING] aiogram.dispatcher: Sleep for 5.036187 seconds and try again... (tryings = 191, bot id = 8707195513)
2026-09-29 16:27:37,084 [ERROR] aiogram.dispatcher: Failed to fetch updates - TelegramConflictError: Telegram server says - Conflict: terminated by other getUpdates request; make sure that only one bot instance is running
2026-09-29 16:27:37,084 [WARNING] aiogram.dispatcher: Sleep for 5.010553 seconds and try again... (tryings = 192, bot id = 8707195513)
2026-09-29 16:27:47,167 [ERROR] aiogram.dispatcher: Failed to fetch updates - TelegramConflictError: Telegram server says - Conflict: terminated by other getUpdates request; make sure that only one bot instance is running
2026-09-29 16:27:47,168 [WARNING] aiogram.dispatcher: Sleep for 5.076079 seconds and try again... (tryings = 193, bot id = 8707195513)
2026-09-29 16:27:57,220 [ERROR] aiogram.dispatcher: Failed to fetch updates - TelegramConflictError: Telegram server says - Conflict: terminated by other getUpdates request; make sure that only one bot instance is running
2026-09-29 16:27:57,220 [WARNING] aiogram.dispatcher: Sleep for 5.014644 seconds and try again... (tryings = 194, bot id = 8707195513)
2026-09-29 16:28:07,398 [ERROR] aiogram.dispatcher: Failed to fetch updates - TelegramConflictError: Telegram server says - Conflict: terminated by other getUpdates request; make sure that only one bot instance is running
2026-09-29 16:28:07,398 [WARNING] aiogram.dispatcher: Sleep for 5.003028 seconds and try again... (tryings = 195, bot id = 8707195513)
2026-09-29 16:28:17,511 [ERROR] aiogram.dispatcher: Failed to fetch updates - TelegramConflictError: Telegram server says - Conflict: terminated by other getUpdates request; make sure that only one bot instance is running
2026-09-29 16:28:17,511 [WARNING] aiogram.dispatcher: Sleep for 5.147986 seconds and try again... (tryings = 196, bot id = 8707195513)
2026-09-29 16:28:27,948 [ERROR] aiogram.dispatcher: Failed to fetch updates - TelegramConflictError: Telegram server says - Conflict: terminated by other getUpdates request; make sure that only one bot instance is running
2026-09-29 16:28:27,949 [WARNING] aiogram.dispatcher: Sleep for 5.005552 seconds and try again... (tryings = 197, bot id = 8707195513)
2026-09-29 16:28:38,221 [ERROR] aiogram.dispatcher: Failed to fetch updates - TelegramConflictError: Telegram server says - Conflict: terminated by other getUpdates request; make sure that only one bot instance is running
2026-09-29 16:28:38,222 [WARNING] aiogram.dispatcher: Sleep for 4.923226 seconds and try again... (tryings = 198, bot id = 8707195513)
2026-09-29 16:28:48,373 [ERROR] aiogram.dispatcher: Failed to fetch updates - TelegramConflictError: Telegram server says - Conflict: terminated by other getUpdates request; make sure that only one bot instance is running
2026-09-29 16:28:48,374 [WARNING] aiogram.dispatcher: Sleep for 4.964568 seconds and try again... (tryings = 199, bot id = 8707195513)
2026-09-29 16:28:58,478 [ERROR] aiogram.dispatcher: Failed to fetch updates - TelegramConflictError: Telegram server says - Conflict: terminated by other getUpdates request; make sure that only one bot instance is running
2026-09-29 16:28:58,478 [WARNING] aiogram.dispatcher: Sleep for 5.064268 seconds and try again... (tryings = 200, bot id = 8707195513)
2026-09-29 16:29:08,705 [ERROR] aiogram.dispatcher: Failed to fetch updates - TelegramConflictError: Telegram server says - Conflict: terminated by other getUpdates request; make sure that only one bot instance is running
2026-09-29 16:29:08,705 [WARNING] aiogram.dispatcher: Sleep for 5.097773 seconds and try again... (tryings = 201, bot id = 8707195513)
2026-09-29 16:29:18,929 [ERROR] aiogram.dispatcher: Failed to fetch updates - TelegramConflictError: Telegram server says - Conflict: terminated by other getUpdates request; make sure that only one bot instance is running
2026-09-29 16:29:18,929 [WARNING] aiogram.dispatcher: Sleep for 5.020043 seconds and try again... (tryings = 202, bot id = 8707195513)
2026-09-29 16:29:29,085 [ERROR] aiogram.dispatcher: Failed to fetch updates - TelegramConflictError: Telegram server says - Conflict: terminated by other getUpdates request; make sure that only one bot instance is running
2026-09-29 16:29:29,085 [WARNING] aiogram.dispatcher: Sleep for 4.786184 seconds and try again... (tryings = 203, bot id = 8707195513)
2026-09-29 16:29:38,932 [ERROR] aiogram.dispatcher: Failed to fetch updates - TelegramConflictError: Telegram server says - Conflict: terminated by other getUpdates request; make sure that only one bot instance is running
2026-09-29 16:29:38,932 [WARNING] aiogram.dispatcher: Sleep for 4.933744 seconds and try again... (tryings = 204, bot id = 8707195513)
2026-09-29 16:29:49,045 [ERROR] aiogram.dispatcher: Failed to fetch updates - TelegramConflictError: Telegram server says - Conflict: terminated by other getUpdates request; make sure that only one bot instance is running
2026-09-29 16:29:49,045 [WARNING] aiogram.dispatcher: Sleep for 4.829195 seconds and try again... (tryings = 205, bot id = 8707195513)
2026-09-29 16:29:59,039 [ERROR] aiogram.dispatcher: Failed to fetch updates - TelegramConflictError: Telegram server says - Conflict: terminated by other getUpdates request; make sure that only one bot instance is running
2026-09-29 16:29:59,039 [WARNING] aiogram.dispatcher: Sleep for 4.929356 seconds and try again... (tryings = 206, bot id = 8707195513)
2026-09-29 16:30:09,062 [ERROR] aiogram.dispatcher: Failed to fetch updates - TelegramConflictError: Telegram server says - Conflict: terminated by other getUpdates request; make sure that only one bot instance is running
2026-09-29 16:30:09,062 [WARNING] aiogram.dispatcher: Sleep for 5.004318 seconds and try again... (tryings = 207, bot id = 8707195513)
2026-09-29 16:30:19,339 [ERROR] aiogram.dispatcher: Failed to fetch updates - TelegramConflictError: Telegram server says - Conflict: terminated by other getUpdates request; make sure that only one bot instance is running
2026-09-29 16:30:19,339 [WARNING] aiogram.dispatcher: Sleep for 5.076561 seconds and try again... (tryings = 208, bot id = 8707195513)
2026-09-29 16:30:29,262 [ERROR] aiogram.dispatcher: Failed to fetch updates - TelegramConflictError: Telegram server says - Conflict: terminated by other getUpdates request; make sure that only one bot instance is running
2026-09-29 16:30:29,262 [WARNING] aiogram.dispatcher: Sleep for 4.839476 seconds and try again... (tryings = 209, bot id = 8707195513)
2026-09-29 16:30:39,207 [ERROR] aiogram.dispatcher: Failed to fetch updates - TelegramConflictError: Telegram server says - Conflict: terminated by other getUpdates request; make sure that only one bot instance is running
2026-09-29 16:30:39,207 [WARNING] aiogram.dispatcher: Sleep for 4.972801 seconds and try again... (tryings = 210, bot id = 8707195513)
2026-09-29 16:30:49,278 [ERROR] aiogram.dispatcher: Failed to fetch updates - TelegramConflictError: Telegram server says - Conflict: terminated by other getUpdates request; make sure that only one bot instance is running
2026-09-29 16:30:49,278 [WARNING] aiogram.dispatcher: Sleep for 4.961003 seconds and try again... (tryings = 211, bot id = 8707195513)
2026-09-29 16:30:59,408 [ERROR] aiogram.dispatcher: Failed to fetch updates - TelegramConflictError: Telegram server says - Conflict: terminated by other getUpdates request; make sure that only one bot instance is running
2026-09-29 16:30:59,409 [WARNING] aiogram.dispatcher: Sleep for 4.973004 seconds and try again... (tryings = 212, bot id = 8707195513)
2026-09-29 16:31:09,518 [ERROR] aiogram.dispatcher: Failed to fetch updates - TelegramConflictError: Telegram server says - Conflict: terminated by other getUpdates request; make sure that only one bot instance is running
2026-09-29 16:31:09,519 [WARNING] aiogram.dispatcher: Sleep for 5.054761 seconds and try again... (tryings = 213, bot id = 8707195513)
2026-09-29 16:31:19,791 [ERROR] aiogram.dispatcher: Failed to fetch updates - TelegramConflictError: Telegram server says - Conflict: terminated by other getUpdates request; make sure that only one bot instance is running
2026-09-29 16:31:19,791 [WARNING] aiogram.dispatcher: Sleep for 4.972707 seconds and try again... (tryings = 214, bot id = 8707195513)
2026-09-29 16:31:28,897 [ERROR] aiogram.dispatcher: Failed to fetch updates - TelegramConflictError: Telegram server says - Conflict: terminated by other getUpdates request; make sure that only one bot instance is running
2026-09-29 16:31:28,897 [WARNING] aiogram.dispatcher: Sleep for 4.857910 seconds and try again... (tryings = 215, bot id = 8707195513)
2026-09-29 16:31:38,265 [ERROR] aiogram.dispatcher: Failed to fetch updates - TelegramConflictError: Telegram server says - Conflict: terminated by other getUpdates request; make sure that only one bot instance is running
2026-09-29 16:31:38,265 [WARNING] aiogram.dispatcher: Sleep for 4.995789 seconds and try again... (tryings = 216, bot id = 8707195513)
2026-09-29 16:31:48,221 [ERROR] aiogram.dispatcher: Failed to fetch updates - TelegramConflictError: Telegram server says - Conflict: terminated by other getUpdates request; make sure that only one bot instance is running
2026-09-29 16:31:48,221 [WARNING] aiogram.dispatcher: Sleep for 5.051570 seconds and try again... (tryings = 217, bot id = 8707195513)
2026-09-29 16:31:58,607 [ERROR] aiogram.dispatcher: Failed to fetch updates - TelegramConflictError: Telegram server says - Conflict: terminated by other getUpdates request; make sure that only one bot instance is running
2026-09-29 16:31:58,608 [WARNING] aiogram.dispatcher: Sleep for 4.870077 seconds and try again... (tryings = 218, bot id = 8707195513)
2026-09-29 16:32:09,451 [ERROR] aiogram.dispatcher: Failed to fetch updates - TelegramConflictError: Telegram server says - Conflict: terminated by other getUpdates request; make sure that only one bot instance is running
2026-09-29 16:32:09,451 [WARNING] aiogram.dispatcher: Sleep for 4.958569 seconds and try again... (tryings = 219, bot id = 8707195513)
2026-09-29 16:32:18,105 [ERROR] aiogram.dispatcher: Failed to fetch updates - TelegramConflictError: Telegram server says - Conflict: terminated by other getUpdates request; make sure that only one bot instance is running
2026-09-29 16:32:18,105 [WARNING] aiogram.dispatcher: Sleep for 5.188554 seconds and try again... (tryings = 220, bot id = 8707195513)
2026-09-29 16:32:28,246 [ERROR] aiogram.dispatcher: Failed to fetch updates - TelegramConflictError: Telegram server says - Conflict: terminated by other getUpdates request; make sure that only one bot instance is running
2026-09-29 16:32:28,247 [WARNING] aiogram.dispatcher: Sleep for 5.009780 seconds and try again... (tryings = 221, bot id = 8707195513)
2026-09-29 16:32:38,380 [ERROR] aiogram.dispatcher: Failed to fetch updates - TelegramConflictError: Telegram server says - Conflict: terminated by other getUpdates request; make sure that only one bot instance is running
2026-09-29 16:32:38,380 [WARNING] aiogram.dispatcher: Sleep for 4.961595 seconds and try again... (tryings = 222, bot id = 8707195513)
2026-09-29 16:32:48,684 [ERROR] aiogram.dispatcher: Failed to fetch updates - TelegramConflictError: Telegram server says - Conflict: terminated by other getUpdates request; make sure that only one bot instance is running
2026-09-29 16:32:48,684 [WARNING] aiogram.dispatcher: Sleep for 4.929716 seconds and try again... (tryings = 223, bot id = 8707195513)
2026-09-29 16:32:58,699 [ERROR] aiogram.dispatcher: Failed to fetch updates - TelegramConflictError: Telegram server says - Conflict: terminated by other getUpdates request; make sure that only one bot instance is running
2026-09-29 16:32:58,700 [WARNING] aiogram.dispatcher: Sleep for 4.828623 seconds and try again... (tryings = 224, bot id = 8707195513)
2026-09-29 16:33:08,567 [ERROR] aiogram.dispatcher: Failed to fetch updates - TelegramConflictError: Telegram server says - Conflict: terminated by other getUpdates request; make sure that only one bot instance is running
2026-09-29 16:33:08,567 [WARNING] aiogram.dispatcher: Sleep for 5.090086 seconds and try again... (tryings = 225, bot id = 8707195513)
2026-09-29 16:33:18,764 [ERROR] aiogram.dispatcher: Failed to fetch updates - TelegramConflictError: Telegram server says - Conflict: terminated by other getUpdates request; make sure that only one bot instance is running
2026-09-29 16:33:18,764 [WARNING] aiogram.dispatcher: Sleep for 4.967324 seconds and try again... (tryings = 226, bot id = 8707195513)
2026-09-29 16:33:28,837 [ERROR] aiogram.dispatcher: Failed to fetch updates - TelegramConflictError: Telegram server says - Conflict: terminated by other getUpdates request; make sure that only one bot instance is running
2026-09-29 16:33:28,837 [WARNING] aiogram.dispatcher: Sleep for 5.023819 seconds and try again... (tryings = 227, bot id = 8707195513)
2026-09-29 16:33:39,005 [ERROR] aiogram.dispatcher: Failed to fetch updates - TelegramConflictError: Telegram server says - Conflict: terminated by other getUpdates request; make sure that only one bot instance is running
2026-09-29 16:33:39,005 [WARNING] aiogram.dispatcher: Sleep for 4.918203 seconds and try again... (tryings = 228, bot id = 8707195513)
2026-09-29 16:33:48,975 [ERROR] aiogram.dispatcher: Failed to fetch updates - TelegramConflictError: Telegram server says - Conflict: terminated by other getUpdates request; make sure that only one bot instance is running
2026-09-29 16:33:48,975 [WARNING] aiogram.dispatcher: Sleep for 5.212800 seconds and try again... (tryings = 229, bot id = 8707195513)
2026-09-29 16:33:59,221 [ERROR] aiogram.dispatcher: Failed to fetch updates - TelegramConflictError: Telegram server says - Conflict: terminated by other getUpdates request; make sure that only one bot instance is running
2026-09-29 16:33:59,221 [WARNING] aiogram.dispatcher: Sleep for 5.056017 seconds and try again... (tryings = 230, bot id = 8707195513)
2026-09-29 16:34:09,444 [ERROR] aiogram.dispatcher: Failed to fetch updates - TelegramConflictError: Telegram server says - Conflict: terminated by other getUpdates request; make sure that only one bot instance is running
2026-09-29 16:34:09,444 [WARNING] aiogram.dispatcher: Sleep for 4.985485 seconds and try again... (tryings = 231, bot id = 8707195513)
2026-09-29 16:34:19,564 [ERROR] aiogram.dispatcher: Failed to fetch updates - TelegramConflictError: Telegram server says - Conflict: terminated by other getUpdates request; make sure that only one bot instance is running
2026-09-29 16:34:19,564 [WARNING] aiogram.dispatcher: Sleep for 5.050243 seconds and try again... (tryings = 232, bot id = 8707195513)
2026-09-29 16:34:29,676 [ERROR] aiogram.dispatcher: Failed to fetch updates - TelegramConflictError: Telegram server says - Conflict: terminated by other getUpdates request; make sure that only one bot instance is running
2026-09-29 16:34:29,676 [WARNING] aiogram.dispatcher: Sleep for 5.046039 seconds and try again... (tryings = 233, bot id = 8707195513)
2026-09-29 16:34:38,955 [ERROR] aiogram.dispatcher: Failed to fetch updates - TelegramConflictError: Telegram server says - Conflict: terminated by other getUpdates request; make sure that only one bot instance is running
2026-09-29 16:34:38,955 [WARNING] aiogram.dispatcher: Sleep for 5.042045 seconds and try again... (tryings = 234, bot id = 8707195513)
2026-09-29 16:34:48,607 [ERROR] aiogram.dispatcher: Failed to fetch updates - TelegramConflictError: Telegram server says - Conflict: terminated by other getUpdates request; make sure that only one bot instance is running
2026-09-29 16:34:48,607 [WARNING] aiogram.dispatcher: Sleep for 5.212268 seconds and try again... (tryings = 235, bot id = 8707195513)
2026-09-29 16:34:58,810 [ERROR] aiogram.dispatcher: Failed to fetch updates - TelegramConflictError: Telegram server says - Conflict: terminated by other getUpdates request; make sure that only one bot instance is running
2026-09-29 16:34:58,810 [WARNING] aiogram.dispatcher: Sleep for 4.984601 seconds and try again... (tryings = 236, bot id = 8707195513)
2026-09-29 16:35:09,494 [ERROR] aiogram.dispatcher: Failed to fetch updates - TelegramConflictError: Telegram server says - Conflict: terminated by other getUpdates request; make sure that only one bot instance is running
2026-09-29 16:35:09,494 [WARNING] aiogram.dispatcher: Sleep for 4.983129 seconds and try again... (tryings = 237, bot id = 8707195513)
2026-09-29 16:35:17,944 [ERROR] aiogram.dispatcher: Failed to fetch updates - TelegramConflictError: Telegram server says - Conflict: terminated by other getUpdates request; make sure that only one bot instance is running
2026-09-29 16:35:17,945 [WARNING] aiogram.dispatcher: Sleep for 5.045826 seconds and try again... (tryings = 238, bot id = 8707195513)
2026-09-29 16:35:27,604 [ERROR] aiogram.dispatcher: Failed to fetch updates - TelegramConflictError: Telegram server says - Conflict: terminated by other getUpdates request; make sure that only one bot instance is running
2026-09-29 16:35:27,604 [WARNING] aiogram.dispatcher: Sleep for 4.981877 seconds and try again... (tryings = 239, bot id = 8707195513)
2026-09-29 16:35:37,618 [ERROR] aiogram.dispatcher: Failed to fetch updates - TelegramConflictError: Telegram server says - Conflict: terminated by other getUpdates request; make sure that only one bot instance is running
2026-09-29 16:35:37,618 [WARNING] aiogram.dispatcher: Sleep for 4.984724 seconds and try again... (tryings = 240, bot id = 8707195513)
2026-09-29 16:35:47,742 [ERROR] aiogram.dispatcher: Failed to fetch updates - TelegramConflictError: Telegram server says - Conflict: terminated by other getUpdates request; make sure that only one bot instance is running
2026-09-29 16:35:47,742 [WARNING] aiogram.dispatcher: Sleep for 5.079612 seconds and try again... (tryings = 241, bot id = 8707195513)
2026-09-29 16:35:57,865 [ERROR] aiogram.dispatcher: Failed to fetch updates - TelegramConflictError: Telegram server says - Conflict: terminated by other getUpdates request; make sure that only one bot instance is running
2026-09-29 16:35:57,865 [WARNING] aiogram.dispatcher: Sleep for 5.028467 seconds and try again... (tryings = 242, bot id = 8707195513)
2026-09-29 16:36:08,113 [ERROR] aiogram.dispatcher: Failed to fetch updates - TelegramConflictError: Telegram server says - Conflict: terminated by other getUpdates request; make sure that only one bot instance is running
2026-09-29 16:36:08,113 [WARNING] aiogram.dispatcher: Sleep for 5.047633 seconds and try again... (tryings = 243, bot id = 8707195513)
2026-09-29 16:36:18,273 [ERROR] aiogram.dispatcher: Failed to fetch updates - TelegramConflictError: Telegram server says - Conflict: terminated by other getUpdates request; make sure that only one bot instance is running
2026-09-29 16:36:18,273 [WARNING] aiogram.dispatcher: Sleep for 5.085708 seconds and try again... (tryings = 244, bot id = 8707195513)
2026-09-29 16:36:28,451 [ERROR] aiogram.dispatcher: Failed to fetch updates - TelegramConflictError: Telegram server says - Conflict: terminated by other getUpdates request; make sure that only one bot instance is running
2026-09-29 16:36:28,451 [WARNING] aiogram.dispatcher: Sleep for 4.934822 seconds and try again... (tryings = 245, bot id = 8707195513)
2026-09-29 16:36:38,433 [ERROR] aiogram.dispatcher: Failed to fetch updates - TelegramConflictError: Telegram server says - Conflict: terminated by other getUpdates request; make sure that only one bot instance is running
2026-09-29 16:36:38,433 [WARNING] aiogram.dispatcher: Sleep for 4.924510 seconds and try again... (tryings = 246, bot id = 8707195513)
2026-09-29 16:36:48,639 [ERROR] aiogram.dispatcher: Failed to fetch updates - TelegramConflictError: Telegram server says - Conflict: terminated by other getUpdates request; make sure that only one bot instance is running
2026-09-29 16:36:48,639 [WARNING] aiogram.dispatcher: Sleep for 5.003673 seconds and try again... (tryings = 247, bot id = 8707195513)
2026-09-29 16:36:58,709 [ERROR] aiogram.dispatcher: Failed to fetch updates - TelegramConflictError: Telegram server says - Conflict: terminated by other getUpdates request; make sure that only one bot instance is running
2026-09-29 16:36:58,709 [WARNING] aiogram.dispatcher: Sleep for 5.114544 seconds and try again... (tryings = 248, bot id = 8707195513)
2026-09-29 16:37:08,821 [ERROR] aiogram.dispatcher: Failed to fetch updates - TelegramConflictError: Telegram server says - Conflict: terminated by other getUpdates request; make sure that only one bot instance is running
2026-09-29 16:37:08,821 [WARNING] aiogram.dispatcher: Sleep for 4.961518 seconds and try again... (tryings = 249, bot id = 8707195513)
2026-09-29 16:37:18,871 [ERROR] aiogram.dispatcher: Failed to fetch updates - TelegramConflictError: Telegram server says - Conflict: terminated by other getUpdates request; make sure that only one bot instance is running
2026-09-29 16:37:18,871 [WARNING] aiogram.dispatcher: Sleep for 5.032717 seconds and try again... (tryings = 250, bot id = 8707195513)
2026-09-29 16:37:29,010 [ERROR] aiogram.dispatcher: Failed to fetch updates - TelegramConflictError: Telegram server says - Conflict: terminated by other getUpdates request; make sure that only one bot instance is running
2026-09-29 16:37:29,010 [WARNING] aiogram.dispatcher: Sleep for 5.100570 seconds and try again... (tryings = 251, bot id = 8707195513)
2026-09-29 16:37:39,306 [ERROR] aiogram.dispatcher: Failed to fetch updates - TelegramConflictError: Telegram server says - Conflict: terminated by other getUpdates request; make sure that only one bot instance is running
2026-09-29 16:37:39,306 [WARNING] aiogram.dispatcher: Sleep for 4.936675 seconds and try again... (tryings = 252, bot id = 8707195513)
2026-09-29 16:37:49,303 [ERROR] aiogram.dispatcher: Failed to fetch updates - TelegramConflictError: Telegram server says - Conflict: terminated by other getUpdates request; make sure that only one bot instance is running
2026-09-29 16:37:49,303 [WARNING] aiogram.dispatcher: Sleep for 4.871438 seconds and try again... (tryings = 253, bot id = 8707195513)
2026-09-29 16:37:59,347 [ERROR] aiogram.dispatcher: Failed to fetch updates - TelegramConflictError: Telegram server says - Conflict: terminated by other getUpdates request; make sure that only one bot instance is running
2026-09-29 16:37:59,347 [WARNING] aiogram.dispatcher: Sleep for 5.038108 seconds and try again... (tryings = 254, bot id = 8707195513)
2026-09-29 16:38:09,669 [ERROR] aiogram.dispatcher: Failed to fetch updates - TelegramConflictError: Telegram server says - Conflict: terminated by other getUpdates request; make sure that only one bot instance is running
2026-09-29 16:38:09,669 [WARNING] aiogram.dispatcher: Sleep for 4.961367 seconds and try again... (tryings = 255, bot id = 8707195513)
2026-09-29 16:38:19,666 [ERROR] aiogram.dispatcher: Failed to fetch updates - TelegramConflictError: Telegram server says - Conflict: terminated by other getUpdates request; make sure that only one bot instance is running
2026-09-29 16:38:19,666 [WARNING] aiogram.dispatcher: Sleep for 4.891547 seconds and try again... (tryings = 256, bot id = 8707195513)
2026-09-29 16:38:29,596 [ERROR] aiogram.dispatcher: Failed to fetch updates - TelegramConflictError: Telegram server says - Conflict: terminated by other getUpdates request; make sure that only one bot instance is running
2026-09-29 16:38:29,596 [WARNING] aiogram.dispatcher: Sleep for 5.058506 seconds and try again... (tryings = 257, bot id = 8707195513)
2026-09-29 16:38:39,821 [ERROR] aiogram.dispatcher: Failed to fetch updates - TelegramConflictError: Telegram server says - Conflict: terminated by other getUpdates request; make sure that only one bot instance is running
2026-09-29 16:38:39,821 [WARNING] aiogram.dispatcher: Sleep for 5.165914 seconds and try again... (tryings = 258, bot id = 8707195513)
2026-09-29 16:38:50,061 [ERROR] aiogram.dispatcher: Failed to fetch updates - TelegramConflictError: Telegram server says - Conflict: terminated by other getUpdates request; make sure that only one bot instance is running
2026-09-29 16:38:50,061 [WARNING] aiogram.dispatcher: Sleep for 5.143121 seconds and try again... (tryings = 259, bot id = 8707195513)
2026-09-29 16:39:00,330 [ERROR] aiogram.dispatcher: Failed to fetch updates - TelegramConflictError: Telegram server says - Conflict: terminated by other getUpdates request; make sure that only one bot instance is running
2026-09-29 16:39:00,330 [WARNING] aiogram.dispatcher: Sleep for 4.910889 seconds and try again... (tryings = 260, bot id = 8707195513)
2026-09-29 16:39:10,406 [ERROR] aiogram.dispatcher: Failed to fetch updates - TelegramConflictError: Telegram server says - Conflict: terminated by other getUpdates request; make sure that only one bot instance is running
2026-09-29 16:39:10,407 [WARNING] aiogram.dispatcher: Sleep for 5.130451 seconds and try again... (tryings = 261, bot id = 8707195513)
2026-09-29 16:39:20,625 [ERROR] aiogram.dispatcher: Failed to fetch updates - TelegramConflictError: Telegram server says - Conflict: terminated by other getUpdates request; make sure that only one bot instance is running
2026-09-29 16:39:20,625 [WARNING] aiogram.dispatcher: Sleep for 5.210909 seconds and try again... (tryings = 262, bot id = 8707195513)
2026-09-29 16:39:30,778 [ERROR] aiogram.dispatcher: Failed to fetch updates - TelegramConflictError: Telegram server says - Conflict: terminated by other getUpdates request; make sure that only one bot instance is running
2026-09-29 16:39:30,778 [WARNING] aiogram.dispatcher: Sleep for 5.178834 seconds and try again... (tryings = 263, bot id = 8707195513)
2026-09-29 16:39:40,918 [ERROR] aiogram.dispatcher: Failed to fetch updates - TelegramConflictError: Telegram server says - Conflict: terminated by other getUpdates request; make sure that only one bot instance is running
2026-09-29 16:39:40,918 [WARNING] aiogram.dispatcher: Sleep for 4.983961 seconds and try again... (tryings = 264, bot id = 8707195513)
2026-09-29 16:39:50,989 [ERROR] aiogram.dispatcher: Failed to fetch updates - TelegramConflictError: Telegram server says - Conflict: terminated by other getUpdates request; make sure that only one bot instance is running
2026-09-29 16:39:50,989 [WARNING] aiogram.dispatcher: Sleep for 4.827746 seconds and try again... (tryings = 265, bot id = 8707195513)
2026-09-29 16:40:00,776 [ERROR] aiogram.dispatcher: Failed to fetch updates - TelegramConflictError: Telegram server says - Conflict: terminated by other getUpdates request; make sure that only one bot instance is running
2026-09-29 16:40:00,776 [WARNING] aiogram.dispatcher: Sleep for 5.009311 seconds and try again... (tryings = 266, bot id = 8707195513)
2026-09-29 16:40:10,959 [ERROR] aiogram.dispatcher: Failed to fetch updates - TelegramConflictError: Telegram server says - Conflict: terminated by other getUpdates request; make sure that only one bot instance is running
2026-09-29 16:40:10,959 [WARNING] aiogram.dispatcher: Sleep for 4.845396 seconds and try again... (tryings = 267, bot id = 8707195513)
2026-09-29 16:40:20,833 [ERROR] aiogram.dispatcher: Failed to fetch updates - TelegramConflictError: Telegram server says - Conflict: terminated by other getUpdates request; make sure that only one bot instance is running
2026-09-29 16:40:20,833 [WARNING] aiogram.dispatcher: Sleep for 4.793208 seconds and try again... (tryings = 268, bot id = 8707195513)
2026-09-29 16:40:30,919 [ERROR] aiogram.dispatcher: Failed to fetch updates - TelegramConflictError: Telegram server says - Conflict: terminated by other getUpdates request; make sure that only one bot instance is running
2026-09-29 16:40:30,919 [WARNING] aiogram.dispatcher: Sleep for 4.805543 seconds and try again... (tryings = 269, bot id = 8707195513)
2026-09-29 16:40:40,733 [ERROR] aiogram.dispatcher: Failed to fetch updates - TelegramConflictError: Telegram server says - Conflict: terminated by other getUpdates request; make sure that only one bot instance is running
2026-09-29 16:40:40,733 [WARNING] aiogram.dispatcher: Sleep for 4.963395 seconds and try again... (tryings = 270, bot id = 8707195513)
2026-09-29 16:40:50,826 [ERROR] aiogram.dispatcher: Failed to fetch updates - TelegramConflictError: Telegram server says - Conflict: terminated by other getUpdates request; make sure that only one bot instance is running
2026-09-29 16:40:50,826 [WARNING] aiogram.dispatcher: Sleep for 5.093349 seconds and try again... (tryings = 271, bot id = 8707195513)
2026-09-29 16:41:01,133 [ERROR] aiogram.dispatcher: Failed to fetch updates - TelegramConflictError: Telegram server says - Conflict: terminated by other getUpdates request; make sure that only one bot instance is running
2026-09-29 16:41:01,133 [WARNING] aiogram.dispatcher: Sleep for 4.956523 seconds and try again... (tryings = 272, bot id = 8707195513)
2026-09-29 16:41:11,297 [ERROR] aiogram.dispatcher: Failed to fetch updates - TelegramConflictError: Telegram server says - Conflict: terminated by other getUpdates request; make sure that only one bot instance is running
2026-09-29 16:41:11,298 [WARNING] aiogram.dispatcher: Sleep for 4.785629 seconds and try again... (tryings = 273, bot id = 8707195513)
2026-09-29 16:41:21,197 [ERROR] aiogram.dispatcher: Failed to fetch updates - TelegramConflictError: Telegram server says - Conflict: terminated by other getUpdates request; make sure that only one bot instance is running
2026-09-29 16:41:21,197 [WARNING] aiogram.dispatcher: Sleep for 4.884097 seconds and try again... (tryings = 274, bot id = 8707195513)
2026-09-29 16:41:31,300 [ERROR] aiogram.dispatcher: Failed to fetch updates - TelegramConflictError: Telegram server says - Conflict: terminated by other getUpdates request; make sure that only one bot instance is running
2026-09-29 16:41:31,301 [WARNING] aiogram.dispatcher: Sleep for 5.009480 seconds and try again... (tryings = 275, bot id = 8707195513)
2026-09-29 16:41:41,586 [ERROR] aiogram.dispatcher: Failed to fetch updates - TelegramConflictError: Telegram server says - Conflict: terminated by other getUpdates request; make sure that only one bot instance is running
2026-09-29 16:41:41,586 [WARNING] aiogram.dispatcher: Sleep for 4.982199 seconds and try again... (tryings = 276, bot id = 8707195513)
2026-09-29 16:41:51,700 [ERROR] aiogram.dispatcher: Failed to fetch updates - TelegramConflictError: Telegram server says - Conflict: terminated by other getUpdates request; make sure that only one bot instance is running
2026-09-29 16:41:51,700 [WARNING] aiogram.dispatcher: Sleep for 5.053858 seconds and try again... (tryings = 277, bot id = 8707195513)
2026-09-29 16:42:01,923 [ERROR] aiogram.dispatcher: Failed to fetch updates - TelegramConflictError: Telegram server says - Conflict: terminated by other getUpdates request; make sure that only one bot instance is running
2026-09-29 16:42:01,923 [WARNING] aiogram.dispatcher: Sleep for 4.990044 seconds and try again... (tryings = 278, bot id = 8707195513)
2026-09-29 16:42:12,286 [ERROR] aiogram.dispatcher: Failed to fetch updates - TelegramConflictError: Telegram server says - Conflict: terminated by other getUpdates request; make sure that only one bot instance is running
2026-09-29 16:42:12,286 [WARNING] aiogram.dispatcher: Sleep for 4.993458 seconds and try again... (tryings = 279, bot id = 8707195513)
2026-09-29 16:42:22,447 [ERROR] aiogram.dispatcher: Failed to fetch updates - TelegramConflictError: Telegram server says - Conflict: terminated by other getUpdates request; make sure that only one bot instance is running
2026-09-29 16:42:22,447 [WARNING] aiogram.dispatcher: Sleep for 4.932318 seconds and try again... (tryings = 280, bot id = 8707195513)
2026-09-29 16:42:32,445 [ERROR] aiogram.dispatcher: Failed to fetch updates - TelegramConflictError: Telegram server says - Conflict: terminated by other getUpdates request; make sure that only one bot instance is running
2026-09-29 16:42:32,446 [WARNING] aiogram.dispatcher: Sleep for 5.159560 seconds and try again... (tryings = 281, bot id = 8707195513)
2026-09-29 16:42:42,634 [ERROR] aiogram.dispatcher: Failed to fetch updates - TelegramConflictError: Telegram server says - Conflict: terminated by other getUpdates request; make sure that only one bot instance is running
2026-09-29 16:42:42,634 [WARNING] aiogram.dispatcher: Sleep for 4.791097 seconds and try again... (tryings = 282, bot id = 8707195513)
2026-09-29 16:42:52,670 [ERROR] aiogram.dispatcher: Failed to fetch updates - TelegramConflictError: Telegram server says - Conflict: terminated by other getUpdates request; make sure that only one bot instance is running
2026-09-29 16:42:52,670 [WARNING] aiogram.dispatcher: Sleep for 5.058352 seconds and try again... (tryings = 283, bot id = 8707195513)
2026-09-29 16:43:02,727 [ERROR] aiogram.dispatcher: Failed to fetch updates - TelegramConflictError: Telegram server says - Conflict: terminated by other getUpdates request; make sure that only one bot instance is running
2026-09-29 16:43:02,727 [WARNING] aiogram.dispatcher: Sleep for 5.034310 seconds and try again... (tryings = 284, bot id = 8707195513)
2026-09-29 16:43:12,871 [ERROR] aiogram.dispatcher: Failed to fetch updates - TelegramConflictError: Telegram server says - Conflict: terminated by other getUpdates request; make sure that only one bot instance is running
2026-09-29 16:43:12,871 [WARNING] aiogram.dispatcher: Sleep for 5.021377 seconds and try again... (tryings = 285, bot id = 8707195513)
2026-09-29 16:43:22,760 [ERROR] aiogram.dispatcher: Failed to fetch updates - TelegramConflictError: Telegram server says - Conflict: terminated by other getUpdates request; make sure that only one bot instance is running
2026-09-29 16:43:22,760 [WARNING] aiogram.dispatcher: Sleep for 5.042918 seconds and try again... (tryings = 286, bot id = 8707195513)
2026-09-29 16:43:32,987 [ERROR] aiogram.dispatcher: Failed to fetch updates - TelegramConflictError: Telegram server says - Conflict: terminated by other getUpdates request; make sure that only one bot instance is running
2026-09-29 16:43:32,987 [WARNING] aiogram.dispatcher: Sleep for 5.047620 seconds and try again... (tryings = 287, bot id = 8707195513)
2026-09-29 16:43:43,127 [ERROR] aiogram.dispatcher: Failed to fetch updates - TelegramConflictError: Telegram server says - Conflict: terminated by other getUpdates request; make sure that only one bot instance is running
2026-09-29 16:43:43,127 [WARNING] aiogram.dispatcher: Sleep for 5.021880 seconds and try again... (tryings = 288, bot id = 8707195513)
2026-09-29 16:43:53,372 [ERROR] aiogram.dispatcher: Failed to fetch updates - TelegramConflictError: Telegram server says - Conflict: terminated by other getUpdates request; make sure that only one bot instance is running
2026-09-29 16:43:53,372 [WARNING] aiogram.dispatcher: Sleep for 5.053229 seconds and try again... (tryings = 289, bot id = 8707195513)
2026-09-29 16:44:03,504 [ERROR] aiogram.dispatcher: Failed to fetch updates - TelegramConflictError: Telegram server says - Conflict: terminated by other getUpdates request; make sure that only one bot instance is running
2026-09-29 16:44:03,504 [WARNING] aiogram.dispatcher: Sleep for 5.002799 seconds and try again... (tryings = 290, bot id = 8707195513)
2026-09-29 16:44:13,788 [ERROR] aiogram.dispatcher: Failed to fetch updates - TelegramConflictError: Telegram server says - Conflict: terminated by other getUpdates request; make sure that only one bot instance is running
2026-09-29 16:44:13,789 [WARNING] aiogram.dispatcher: Sleep for 5.067246 seconds and try again... (tryings = 291, bot id = 8707195513)
2026-09-29 16:44:23,997 [ERROR] aiogram.dispatcher: Failed to fetch updates - TelegramConflictError: Telegram server says - Conflict: terminated by other getUpdates request; make sure that only one bot instance is running
2026-09-29 16:44:23,997 [WARNING] aiogram.dispatcher: Sleep for 5.007638 seconds and try again... (tryings = 292, bot id = 8707195513)
2026-09-29 16:44:34,124 [ERROR] aiogram.dispatcher: Failed to fetch updates - TelegramConflictError: Telegram server says - Conflict: terminated by other getUpdates request; make sure that only one bot instance is running
2026-09-29 16:44:34,124 [WARNING] aiogram.dispatcher: Sleep for 5.135815 seconds and try again... (tryings = 293, bot id = 8707195513)
2026-09-29 16:44:44,444 [ERROR] aiogram.dispatcher: Failed to fetch updates - TelegramConflictError: Telegram server says - Conflict: terminated by other getUpdates request; make sure that only one bot instance is running
2026-09-29 16:44:44,445 [WARNING] aiogram.dispatcher: Sleep for 5.078606 seconds and try again... (tryings = 294, bot id = 8707195513)
2026-09-29 16:44:54,654 [ERROR] aiogram.dispatcher: Failed to fetch updates - TelegramConflictError: Telegram server says - Conflict: terminated by other getUpdates request; make sure that only one bot instance is running
2026-09-29 16:44:54,654 [WARNING] aiogram.dispatcher: Sleep for 4.861257 seconds and try again... (tryings = 295, bot id = 8707195513)
2026-09-29 16:45:04,578 [ERROR] aiogram.dispatcher: Failed to fetch updates - TelegramConflictError: Telegram server says - Conflict: terminated by other getUpdates request; make sure that only one bot instance is running
2026-09-29 16:45:04,578 [WARNING] aiogram.dispatcher: Sleep for 5.025436 seconds and try again... (tryings = 296, bot id = 8707195513)
2026-09-29 16:45:14,726 [ERROR] aiogram.dispatcher: Failed to fetch updates - TelegramConflictError: Telegram server says - Conflict: terminated by other getUpdates request; make sure that only one bot instance is running
2026-09-29 16:45:14,726 [WARNING] aiogram.dispatcher: Sleep for 4.941716 seconds and try again... (tryings = 297, bot id = 8707195513)
2026-09-29 16:45:24,740 [ERROR] aiogram.dispatcher: Failed to fetch updates - TelegramConflictError: Telegram server says - Conflict: terminated by other getUpdates request; make sure that only one bot instance is running
2026-09-29 16:45:24,740 [WARNING] aiogram.dispatcher: Sleep for 5.077968 seconds and try again... (tryings = 298, bot id = 8707195513)
2026-09-29 16:45:34,979 [ERROR] aiogram.dispatcher: Failed to fetch updates - TelegramConflictError: Telegram server says - Conflict: terminated by other getUpdates request; make sure that only one bot instance is running
2026-09-29 16:45:34,979 [WARNING] aiogram.dispatcher: Sleep for 5.032260 seconds and try again... (tryings = 299, bot id = 8707195513)
2026-09-29 16:45:45,355 [ERROR] aiogram.dispatcher: Failed to fetch updates - TelegramConflictError: Telegram server says - Conflict: terminated by other getUpdates request; make sure that only one bot instance is running
2026-09-29 16:45:45,355 [WARNING] aiogram.dispatcher: Sleep for 5.031491 seconds and try again... (tryings = 300, bot id = 8707195513)
2026-09-29 16:45:55,477 [ERROR] aiogram.dispatcher: Failed to fetch updates - TelegramConflictError: Telegram server says - Conflict: terminated by other getUpdates request; make sure that only one bot instance is running
2026-09-29 16:45:55,477 [WARNING] aiogram.dispatcher: Sleep for 5.080092 seconds and try again... (tryings = 301, bot id = 8707195513)
2026-09-29 16:46:05,795 [ERROR] aiogram.dispatcher: Failed to fetch updates - TelegramConflictError: Telegram server says - Conflict: terminated by other getUpdates request; make sure that only one bot instance is running
2026-09-29 16:46:05,796 [WARNING] aiogram.dispatcher: Sleep for 4.953545 seconds and try again... (tryings = 302, bot id = 8707195513)
2026-09-29 16:46:16,046 [ERROR] aiogram.dispatcher: Failed to fetch updates - TelegramConflictError: Telegram server says - Conflict: terminated by other getUpdates request; make sure that only one bot instance is running
2026-09-29 16:46:16,046 [WARNING] aiogram.dispatcher: Sleep for 4.911960 seconds and try again... (tryings = 303, bot id = 8707195513)
2026-09-29 16:46:26,163 [ERROR] aiogram.dispatcher: Failed to fetch updates - TelegramConflictError: Telegram server says - Conflict: terminated by other getUpdates request; make sure that only one bot instance is running
2026-09-29 16:46:26,163 [WARNING] aiogram.dispatcher: Sleep for 4.992866 seconds and try again... (tryings = 304, bot id = 8707195513)
2026-09-29 16:46:36,189 [ERROR] aiogram.dispatcher: Failed to fetch updates - TelegramConflictError: Telegram server says - Conflict: terminated by other getUpdates request; make sure that only one bot instance is running
2026-09-29 16:46:36,189 [WARNING] aiogram.dispatcher: Sleep for 5.119693 seconds and try again... (tryings = 305, bot id = 8707195513)
2026-09-29 16:46:46,491 [ERROR] aiogram.dispatcher: Failed to fetch updates - TelegramConflictError: Telegram server says - Conflict: terminated by other getUpdates request; make sure that only one bot instance is running
2026-09-29 16:46:46,491 [WARNING] aiogram.dispatcher: Sleep for 5.040092 seconds and try again... (tryings = 306, bot id = 8707195513)
2026-09-29 16:46:56,691 [ERROR] aiogram.dispatcher: Failed to fetch updates - TelegramConflictError: Telegram server says - Conflict: terminated by other getUpdates request; make sure that only one bot instance is running
2026-09-29 16:46:56,691 [WARNING] aiogram.dispatcher: Sleep for 4.914409 seconds and try again... (tryings = 307, bot id = 8707195513)
2026-09-29 16:47:07,172 [ERROR] aiogram.dispatcher: Failed to fetch updates - TelegramConflictError: Telegram server says - Conflict: terminated by other getUpdates request; make sure that only one bot instance is running
2026-09-29 16:47:07,172 [WARNING] aiogram.dispatcher: Sleep for 4.958555 seconds and try again... (tryings = 308, bot id = 8707195513)
2026-09-29 16:47:17,359 [ERROR] aiogram.dispatcher: Failed to fetch updates - TelegramConflictError: Telegram server says - Conflict: terminated by other getUpdates request; make sure that only one bot instance is running
2026-09-29 16:47:17,359 [WARNING] aiogram.dispatcher: Sleep for 4.974296 seconds and try again... (tryings = 309, bot id = 8707195513)
2026-09-29 16:47:27,411 [ERROR] aiogram.dispatcher: Failed to fetch updates - TelegramConflictError: Telegram server says - Conflict: terminated by other getUpdates request; make sure that only one bot instance is running
2026-09-29 16:47:27,411 [WARNING] aiogram.dispatcher: Sleep for 4.921847 seconds and try again... (tryings = 310, bot id = 8707195513)
2026-09-29 16:47:37,703 [ERROR] aiogram.dispatcher: Failed to fetch updates - TelegramConflictError: Telegram server says - Conflict: terminated by other getUpdates request; make sure that only one bot instance is running
2026-09-29 16:47:37,703 [WARNING] aiogram.dispatcher: Sleep for 5.162855 seconds and try again... (tryings = 311, bot id = 8707195513)
2026-09-29 16:47:47,905 [ERROR] aiogram.dispatcher: Failed to fetch updates - TelegramConflictError: Telegram server says - Conflict: terminated by other getUpdates request; make sure that only one bot instance is running
2026-09-29 16:47:47,905 [WARNING] aiogram.dispatcher: Sleep for 5.150253 seconds and try again... (tryings = 312, bot id = 8707195513)
2026-09-29 16:47:58,115 [ERROR] aiogram.dispatcher: Failed to fetch updates - TelegramConflictError: Telegram server says - Conflict: terminated by other getUpdates request; make sure that only one bot instance is running
2026-09-29 16:47:58,115 [WARNING] aiogram.dispatcher: Sleep for 5.006954 seconds and try again... (tryings = 313, bot id = 8707195513)
2026-09-29 16:48:08,186 [ERROR] aiogram.dispatcher: Failed to fetch updates - TelegramConflictError: Telegram server says - Conflict: terminated by other getUpdates request; make sure that only one bot instance is running
2026-09-29 16:48:08,186 [WARNING] aiogram.dispatcher: Sleep for 4.868333 seconds and try again... (tryings = 314, bot id = 8707195513)
2026-09-29 16:48:18,234 [ERROR] aiogram.dispatcher: Failed to fetch updates - TelegramConflictError: Telegram server says - Conflict: terminated by other getUpdates request; make sure that only one bot instance is running
2026-09-29 16:48:18,234 [WARNING] aiogram.dispatcher: Sleep for 5.055457 seconds and try again... (tryings = 315, bot id = 8707195513)
2026-09-29 16:48:28,636 [ERROR] aiogram.dispatcher: Failed to fetch updates - TelegramConflictError: Telegram server says - Conflict: terminated by other getUpdates request; make sure that only one bot instance is running
2026-09-29 16:48:28,636 [WARNING] aiogram.dispatcher: Sleep for 5.025696 seconds and try again... (tryings = 316, bot id = 8707195513)
2026-09-29 16:48:38,918 [ERROR] aiogram.dispatcher: Failed to fetch updates - TelegramConflictError: Telegram server says - Conflict: terminated by other getUpdates request; make sure that only one bot instance is running
2026-09-29 16:48:38,918 [WARNING] aiogram.dispatcher: Sleep for 5.138596 seconds and try again... (tryings = 317, bot id = 8707195513)
2026-09-29 16:48:49,085 [ERROR] aiogram.dispatcher: Failed to fetch updates - TelegramConflictError: Telegram server says - Conflict: terminated by other getUpdates request; make sure that only one bot instance is running
2026-09-29 16:48:49,085 [WARNING] aiogram.dispatcher: Sleep for 5.101311 seconds and try again... (tryings = 318, bot id = 8707195513)
2026-09-29 16:48:59,345 [ERROR] aiogram.dispatcher: Failed to fetch updates - TelegramConflictError: Telegram server says - Conflict: terminated by other getUpdates request; make sure that only one bot instance is running
2026-09-29 16:48:59,345 [WARNING] aiogram.dispatcher: Sleep for 4.954292 seconds and try again... (tryings = 319, bot id = 8707195513)
2026-09-29 16:49:09,611 [ERROR] aiogram.dispatcher: Failed to fetch updates - TelegramConflictError: Telegram server says - Conflict: terminated by other getUpdates request; make sure that only one bot instance is running
2026-09-29 16:49:09,612 [WARNING] aiogram.dispatcher: Sleep for 5.056674 seconds and try again... (tryings = 320, bot id = 8707195513)
2026-09-29 16:49:19,989 [ERROR] aiogram.dispatcher: Failed to fetch updates - TelegramConflictError: Telegram server says - Conflict: terminated by other getUpdates request; make sure that only one bot instance is running
2026-09-29 16:49:19,989 [WARNING] aiogram.dispatcher: Sleep for 4.802357 seconds and try again... (tryings = 321, bot id = 8707195513)
2026-09-29 16:49:29,816 [ERROR] aiogram.dispatcher: Failed to fetch updates - TelegramConflictError: Telegram server says - Conflict: terminated by other getUpdates request; make sure that only one bot instance is running
2026-09-29 16:49:29,816 [WARNING] aiogram.dispatcher: Sleep for 5.057318 seconds and try again... (tryings = 322, bot id = 8707195513)
2026-09-29 16:49:39,957 [ERROR] aiogram.dispatcher: Failed to fetch updates - TelegramConflictError: Telegram server says - Conflict: terminated by other getUpdates request; make sure that only one bot instance is running
2026-09-29 16:49:39,957 [WARNING] aiogram.dispatcher: Sleep for 5.039159 seconds and try again... (tryings = 323, bot id = 8707195513)
2026-09-29 16:49:50,112 [ERROR] aiogram.dispatcher: Failed to fetch updates - TelegramConflictError: Telegram server says - Conflict: terminated by other getUpdates request; make sure that only one bot instance is running
2026-09-29 16:49:50,112 [WARNING] aiogram.dispatcher: Sleep for 4.948140 seconds and try again... (tryings = 324, bot id = 8707195513)
2026-09-29 16:50:00,321 [ERROR] aiogram.dispatcher: Failed to fetch updates - TelegramConflictError: Telegram server says - Conflict: terminated by other getUpdates request; make sure that only one bot instance is running
2026-09-29 16:50:00,321 [WARNING] aiogram.dispatcher: Sleep for 4.952178 seconds and try again... (tryings = 325, bot id = 8707195513)
2026-09-29 16:50:10,573 [ERROR] aiogram.dispatcher: Failed to fetch updates - TelegramConflictError: Telegram server says - Conflict: terminated by other getUpdates request; make sure that only one bot instance is running
2026-09-29 16:50:10,573 [WARNING] aiogram.dispatcher: Sleep for 4.913029 seconds and try again... (tryings = 326, bot id = 8707195513)
2026-09-29 16:50:20,601 [ERROR] aiogram.dispatcher: Failed to fetch updates - TelegramConflictError: Telegram server says - Conflict: terminated by other getUpdates request; make sure that only one bot instance is running
2026-09-29 16:50:20,601 [WARNING] aiogram.dispatcher: Sleep for 4.957702 seconds and try again... (tryings = 327, bot id = 8707195513)
2026-09-29 16:50:30,816 [ERROR] aiogram.dispatcher: Failed to fetch updates - TelegramConflictError: Telegram server says - Conflict: terminated by other getUpdates request; make sure that only one bot instance is running
2026-09-29 16:50:30,816 [WARNING] aiogram.dispatcher: Sleep for 4.883627 seconds and try again... (tryings = 328, bot id = 8707195513)
2026-09-29 16:50:40,836 [ERROR] aiogram.dispatcher: Failed to fetch updates - TelegramConflictError: Telegram server says - Conflict: terminated by other getUpdates request; make sure that only one bot instance is running
2026-09-29 16:50:40,836 [WARNING] aiogram.dispatcher: Sleep for 4.939068 seconds and try again... (tryings = 329, bot id = 8707195513)
2026-09-29 16:50:51,048 [ERROR] aiogram.dispatcher: Failed to fetch updates - TelegramConflictError: Telegram server says - Conflict: terminated by other getUpdates request; make sure that only one bot instance is running
2026-09-29 16:50:51,049 [WARNING] aiogram.dispatcher: Sleep for 5.030669 seconds and try again... (tryings = 330, bot id = 8707195513)
2026-09-29 16:51:01,214 [ERROR] aiogram.dispatcher: Failed to fetch updates - TelegramConflictError: Telegram server says - Conflict: terminated by other getUpdates request; make sure that only one bot instance is running
2026-09-29 16:51:01,215 [WARNING] aiogram.dispatcher: Sleep for 4.900421 seconds and try again... (tryings = 331, bot id = 8707195513)
2026-09-29 16:51:11,381 [ERROR] aiogram.dispatcher: Failed to fetch updates - TelegramConflictError: Telegram server says - Conflict: terminated by other getUpdates request; make sure that only one bot instance is running
2026-09-29 16:51:11,381 [WARNING] aiogram.dispatcher: Sleep for 4.890030 seconds and try again... (tryings = 332, bot id = 8707195513)
2026-09-29 16:51:21,419 [ERROR] aiogram.dispatcher: Failed to fetch updates - TelegramConflictError: Telegram server says - Conflict: terminated by other getUpdates request; make sure that only one bot instance is running
2026-09-29 16:51:21,419 [WARNING] aiogram.dispatcher: Sleep for 5.146612 seconds and try again... (tryings = 333, bot id = 8707195513)
2026-09-29 16:51:31,629 [ERROR] aiogram.dispatcher: Failed to fetch updates - TelegramConflictError: Telegram server says - Conflict: terminated by other getUpdates request; make sure that only one bot instance is running
2026-09-29 16:51:31,629 [WARNING] aiogram.dispatcher: Sleep for 5.217804 seconds and try again... (tryings = 334, bot id = 8707195513)
2026-09-29 16:51:41,859 [ERROR] aiogram.dispatcher: Failed to fetch updates - TelegramConflictError: Telegram server says - Conflict: terminated by other getUpdates request; make sure that only one bot instance is running
2026-09-29 16:51:41,859 [WARNING] aiogram.dispatcher: Sleep for 4.851701 seconds and try again... (tryings = 335, bot id = 8707195513)
2026-09-29 16:51:51,931 [ERROR] aiogram.dispatcher: Failed to fetch updates - TelegramConflictError: Telegram server says - Conflict: terminated by other getUpdates request; make sure that only one bot instance is running
2026-09-29 16:51:51,931 [WARNING] aiogram.dispatcher: Sleep for 4.992068 seconds and try again... (tryings = 336, bot id = 8707195513)
2026-09-29 16:52:02,000 [ERROR] aiogram.dispatcher: Failed to fetch updates - TelegramConflictError: Telegram server says - Conflict: terminated by other getUpdates request; make sure that only one bot instance is running
2026-09-29 16:52:02,000 [WARNING] aiogram.dispatcher: Sleep for 4.947441 seconds and try again... (tryings = 337, bot id = 8707195513)
2026-09-29 16:52:12,097 [ERROR] aiogram.dispatcher: Failed to fetch updates - TelegramConflictError: Telegram server says - Conflict: terminated by other getUpdates request; make sure that only one bot instance is running
2026-09-29 16:52:12,098 [WARNING] aiogram.dispatcher: Sleep for 5.094984 seconds and try again... (tryings = 338, bot id = 8707195513)
2026-09-29 16:52:22,356 [ERROR] aiogram.dispatcher: Failed to fetch updates - TelegramConflictError: Telegram server says - Conflict: terminated by other getUpdates request; make sure that only one bot instance is running
2026-09-29 16:52:22,356 [WARNING] aiogram.dispatcher: Sleep for 4.878600 seconds and try again... (tryings = 339, bot id = 8707195513)
2026-09-29 16:52:32,479 [ERROR] aiogram.dispatcher: Failed to fetch updates - TelegramConflictError: Telegram server says - Conflict: terminated by other getUpdates request; make sure that only one bot instance is running
2026-09-29 16:52:32,479 [WARNING] aiogram.dispatcher: Sleep for 5.036376 seconds and try again... (tryings = 340, bot id = 8707195513)
2026-09-29 16:52:42,523 [ERROR] aiogram.dispatcher: Failed to fetch updates - TelegramConflictError: Telegram server says - Conflict: terminated by other getUpdates request; make sure that only one bot instance is running
2026-09-29 16:52:42,523 [WARNING] aiogram.dispatcher: Sleep for 4.882274 seconds and try again... (tryings = 341, bot id = 8707195513)
2026-09-29 16:52:52,406 [ERROR] aiogram.dispatcher: Failed to fetch updates - TelegramConflictError: Telegram server says - Conflict: terminated by other getUpdates request; make sure that only one bot instance is running
2026-09-29 16:52:52,406 [WARNING] aiogram.dispatcher: Sleep for 4.901095 seconds and try again... (tryings = 342, bot id = 8707195513)
2026-09-29 16:53:02,234 [ERROR] aiogram.dispatcher: Failed to fetch updates - TelegramConflictError: Telegram server says - Conflict: terminated by other getUpdates request; make sure that only one bot instance is running
2026-09-29 16:53:02,234 [WARNING] aiogram.dispatcher: Sleep for 5.165219 seconds and try again... (tryings = 343, bot id = 8707195513)
2026-09-29 16:53:12,612 [ERROR] aiogram.dispatcher: Failed to fetch updates - TelegramConflictError: Telegram server says - Conflict: terminated by other getUpdates request; make sure that only one bot instance is running
2026-09-29 16:53:12,612 [WARNING] aiogram.dispatcher: Sleep for 4.992194 seconds and try again... (tryings = 344, bot id = 8707195513)
2026-09-29 16:53:22,782 [ERROR] aiogram.dispatcher: Failed to fetch updates - TelegramConflictError: Telegram server says - Conflict: terminated by other getUpdates request; make sure that only one bot instance is running
2026-09-29 16:53:22,782 [WARNING] aiogram.dispatcher: Sleep for 4.877846 seconds and try again... (tryings = 345, bot id = 8707195513)
2026-09-29 16:53:32,753 [ERROR] aiogram.dispatcher: Failed to fetch updates - TelegramConflictError: Telegram server says - Conflict: terminated by other getUpdates request; make sure that only one bot instance is running
2026-09-29 16:53:32,754 [WARNING] aiogram.dispatcher: Sleep for 5.143328 seconds and try again... (tryings = 346, bot id = 8707195513)
2026-09-29 16:53:43,016 [ERROR] aiogram.dispatcher: Failed to fetch updates - TelegramConflictError: Telegram server says - Conflict: terminated by other getUpdates request; make sure that only one bot instance is running
2026-09-29 16:53:43,017 [WARNING] aiogram.dispatcher: Sleep for 4.985741 seconds and try again... (tryings = 347, bot id = 8707195513)
2026-09-29 16:53:53,266 [ERROR] aiogram.dispatcher: Failed to fetch updates - TelegramConflictError: Telegram server says - Conflict: terminated by other getUpdates request; make sure that only one bot instance is running
2026-09-29 16:53:53,266 [WARNING] aiogram.dispatcher: Sleep for 4.888102 seconds and try again... (tryings = 348, bot id = 8707195513)
2026-09-29 16:54:03,301 [ERROR] aiogram.dispatcher: Failed to fetch updates - TelegramConflictError: Telegram server says - Conflict: terminated by other getUpdates request; make sure that only one bot instance is running
2026-09-29 16:54:03,301 [WARNING] aiogram.dispatcher: Sleep for 4.989578 seconds and try again... (tryings = 349, bot id = 8707195513)
2026-09-29 16:54:13,410 [ERROR] aiogram.dispatcher: Failed to fetch updates - TelegramConflictError: Telegram server says - Conflict: terminated by other getUpdates request; make sure that only one bot instance is running
2026-09-29 16:54:13,410 [WARNING] aiogram.dispatcher: Sleep for 5.154423 seconds and try again... (tryings = 350, bot id = 8707195513)
2026-09-29 16:54:23,491 [ERROR] aiogram.dispatcher: Failed to fetch updates - TelegramConflictError: Telegram server says - Conflict: terminated by other getUpdates request; make sure that only one bot instance is running
2026-09-29 16:54:23,491 [WARNING] aiogram.dispatcher: Sleep for 5.053634 seconds and try again... (tryings = 351, bot id = 8707195513)
2026-09-29 16:54:33,616 [ERROR] aiogram.dispatcher: Failed to fetch updates - TelegramConflictError: Telegram server says - Conflict: terminated by other getUpdates request; make sure that only one bot instance is running
2026-09-29 16:54:33,616 [WARNING] aiogram.dispatcher: Sleep for 5.078141 seconds and try again... (tryings = 352, bot id = 8707195513)
2026-09-29 16:54:43,823 [ERROR] aiogram.dispatcher: Failed to fetch updates - TelegramConflictError: Telegram server says - Conflict: terminated by other getUpdates request; make sure that only one bot instance is running
2026-09-29 16:54:43,823 [WARNING] aiogram.dispatcher: Sleep for 4.830634 seconds and try again... (tryings = 353, bot id = 8707195513)
2026-09-29 16:54:53,805 [ERROR] aiogram.dispatcher: Failed to fetch updates - TelegramConflictError: Telegram server says - Conflict: terminated by other getUpdates request; make sure that only one bot instance is running
2026-09-29 16:54:53,805 [WARNING] aiogram.dispatcher: Sleep for 5.050081 seconds and try again... (tryings = 354, bot id = 8707195513)
2026-09-29 16:55:03,859 [ERROR] aiogram.dispatcher: Failed to fetch updates - TelegramConflictError: Telegram server says - Conflict: terminated by other getUpdates request; make sure that only one bot instance is running
2026-09-29 16:55:03,859 [WARNING] aiogram.dispatcher: Sleep for 5.119004 seconds and try again... (tryings = 355, bot id = 8707195513)
2026-09-29 16:55:14,170 [ERROR] aiogram.dispatcher: Failed to fetch updates - TelegramConflictError: Telegram server says - Conflict: terminated by other getUpdates request; make sure that only one bot instance is running
2026-09-29 16:55:14,170 [WARNING] aiogram.dispatcher: Sleep for 5.140722 seconds and try again... (tryings = 356, bot id = 8707195513)
2026-09-29 16:55:24,374 [ERROR] aiogram.dispatcher: Failed to fetch updates - TelegramConflictError: Telegram server says - Conflict: terminated by other getUpdates request; make sure that only one bot instance is running
2026-09-29 16:55:24,374 [WARNING] aiogram.dispatcher: Sleep for 5.033583 seconds and try again... (tryings = 357, bot id = 8707195513)
2026-09-29 16:55:35,096 [ERROR] aiogram.dispatcher: Failed to fetch updates - TelegramConflictError: Telegram server says - Conflict: terminated by other getUpdates request; make sure that only one bot instance is running
2026-09-29 16:55:35,096 [WARNING] aiogram.dispatcher: Sleep for 5.169011 seconds and try again... (tryings = 358, bot id = 8707195513)
2026-09-29 16:55:45,084 [ERROR] aiogram.dispatcher: Failed to fetch updates - TelegramConflictError: Telegram server says - Conflict: terminated by other getUpdates request; make sure that only one bot instance is running
2026-09-29 16:55:45,085 [WARNING] aiogram.dispatcher: Sleep for 5.031244 seconds and try again... (tryings = 359, bot id = 8707195513)
2026-09-29 16:55:55,069 [ERROR] aiogram.dispatcher: Failed to fetch updates - TelegramConflictError: Telegram server says - Conflict: terminated by other getUpdates request; make sure that only one bot instance is running
2026-09-29 16:55:55,069 [WARNING] aiogram.dispatcher: Sleep for 5.009316 seconds and try again... (tryings = 360, bot id = 8707195513)
2026-09-29 16:56:05,208 [ERROR] aiogram.dispatcher: Failed to fetch updates - TelegramConflictError: Telegram server says - Conflict: terminated by other getUpdates request; make sure that only one bot instance is running
2026-09-29 16:56:05,208 [WARNING] aiogram.dispatcher: Sleep for 4.893233 seconds and try again... (tryings = 361, bot id = 8707195513)
2026-09-29 16:56:15,310 [ERROR] aiogram.dispatcher: Failed to fetch updates - TelegramConflictError: Telegram server says - Conflict: terminated by other getUpdates request; make sure that only one bot instance is running
2026-09-29 16:56:15,310 [WARNING] aiogram.dispatcher: Sleep for 5.072654 seconds and try again... (tryings = 362, bot id = 8707195513)
2026-09-29 16:56:25,649 [ERROR] aiogram.dispatcher: Failed to fetch updates - TelegramConflictError: Telegram server says - Conflict: terminated by other getUpdates request; make sure that only one bot instance is running
2026-09-29 16:56:25,649 [WARNING] aiogram.dispatcher: Sleep for 4.811542 seconds and try again... (tryings = 363, bot id = 8707195513)
2026-09-29 16:56:35,562 [ERROR] aiogram.dispatcher: Failed to fetch updates - TelegramConflictError: Telegram server says - Conflict: terminated by other getUpdates request; make sure that only one bot instance is running
2026-09-29 16:56:35,562 [WARNING] aiogram.dispatcher: Sleep for 4.917481 seconds and try again... (tryings = 364, bot id = 8707195513)
2026-09-29 16:56:45,520 [ERROR] aiogram.dispatcher: Failed to fetch updates - TelegramConflictError: Telegram server says - Conflict: terminated by other getUpdates request; make sure that only one bot instance is running
2026-09-29 16:56:45,520 [WARNING] aiogram.dispatcher: Sleep for 5.026523 seconds and try again... (tryings = 365, bot id = 8707195513)
2026-09-29 16:56:55,842 [ERROR] aiogram.dispatcher: Failed to fetch updates - TelegramConflictError: Telegram server says - Conflict: terminated by other getUpdates request; make sure that only one bot instance is running
2026-09-29 16:56:55,842 [WARNING] aiogram.dispatcher: Sleep for 5.109100 seconds and try again... (tryings = 366, bot id = 8707195513)
2026-09-29 16:57:05,920 [ERROR] aiogram.dispatcher: Failed to fetch updates - TelegramConflictError: Telegram server says - Conflict: terminated by other getUpdates request; make sure that only one bot instance is running
2026-09-29 16:57:05,920 [WARNING] aiogram.dispatcher: Sleep for 4.916959 seconds and try again... (tryings = 367, bot id = 8707195513)
2026-09-29 16:57:15,712 [ERROR] aiogram.dispatcher: Failed to fetch updates - TelegramConflictError: Telegram server says - Conflict: terminated by other getUpdates request; make sure that only one bot instance is running
2026-09-29 16:57:15,712 [WARNING] aiogram.dispatcher: Sleep for 4.883509 seconds and try again... (tryings = 368, bot id = 8707195513)
2026-09-29 16:57:25,742 [ERROR] aiogram.dispatcher: Failed to fetch updates - TelegramConflictError: Telegram server says - Conflict: terminated by other getUpdates request; make sure that only one bot instance is running
2026-09-29 16:57:25,742 [WARNING] aiogram.dispatcher: Sleep for 5.002030 seconds and try again... (tryings = 369, bot id = 8707195513)
2026-09-29 16:57:35,788 [ERROR] aiogram.dispatcher: Failed to fetch updates - TelegramConflictError: Telegram server says - Conflict: terminated by other getUpdates request; make sure that only one bot instance is running
2026-09-29 16:57:35,788 [WARNING] aiogram.dispatcher: Sleep for 5.026800 seconds and try again... (tryings = 370, bot id = 8707195513)
2026-09-29 16:57:45,982 [ERROR] aiogram.dispatcher: Failed to fetch updates - TelegramConflictError: Telegram server says - Conflict: terminated by other getUpdates request; make sure that only one bot instance is running
2026-09-29 16:57:45,982 [WARNING] aiogram.dispatcher: Sleep for 4.941783 seconds and try again... (tryings = 371, bot id = 8707195513)
2026-09-29 16:57:55,959 [ERROR] aiogram.dispatcher: Failed to fetch updates - TelegramConflictError: Telegram server says - Conflict: terminated by other getUpdates request; make sure that only one bot instance is running
2026-09-29 16:57:55,959 [WARNING] aiogram.dispatcher: Sleep for 5.016879 seconds and try again... (tryings = 372, bot id = 8707195513)
2026-09-29 16:58:06,025 [ERROR] aiogram.dispatcher: Failed to fetch updates - TelegramConflictError: Telegram server says - Conflict: terminated by other getUpdates request; make sure that only one bot instance is running
2026-09-29 16:58:06,025 [WARNING] aiogram.dispatcher: Sleep for 5.105144 seconds and try again... (tryings = 373, bot id = 8707195513)
2026-09-29 16:58:16,200 [ERROR] aiogram.dispatcher: Failed to fetch updates - TelegramConflictError: Telegram server says - Conflict: terminated by other getUpdates request; make sure that only one bot instance is running
2026-09-29 16:58:16,200 [WARNING] aiogram.dispatcher: Sleep for 4.835968 seconds and try again... (tryings = 374, bot id = 8707195513)
2026-09-29 16:58:26,225 [ERROR] aiogram.dispatcher: Failed to fetch updates - TelegramConflictError: Telegram server says - Conflict: terminated by other getUpdates request; make sure that only one bot instance is running
2026-09-29 16:58:26,225 [WARNING] aiogram.dispatcher: Sleep for 4.979047 seconds and try again... (tryings = 375, bot id = 8707195513)
2026-09-29 16:58:36,356 [ERROR] aiogram.dispatcher: Failed to fetch updates - TelegramConflictError: Telegram server says - Conflict: terminated by other getUpdates request; make sure that only one bot instance is running
2026-09-29 16:58:36,356 [WARNING] aiogram.dispatcher: Sleep for 4.946809 seconds and try again... (tryings = 376, bot id = 8707195513)
2026-09-29 16:58:46,441 [ERROR] aiogram.dispatcher: Failed to fetch updates - TelegramConflictError: Telegram server says - Conflict: terminated by other getUpdates request; make sure that only one bot instance is running
2026-09-29 16:58:46,441 [WARNING] aiogram.dispatcher: Sleep for 4.969452 seconds and try again... (tryings = 377, bot id = 8707195513)
2026-09-29 16:58:56,778 [ERROR] aiogram.dispatcher: Failed to fetch updates - TelegramConflictError: Telegram server says - Conflict: terminated by other getUpdates request; make sure that only one bot instance is running
2026-09-29 16:58:56,778 [WARNING] aiogram.dispatcher: Sleep for 4.987780 seconds and try again... (tryings = 378, bot id = 8707195513)
2026-09-29 16:59:06,946 [ERROR] aiogram.dispatcher: Failed to fetch updates - TelegramConflictError: Telegram server says - Conflict: terminated by other getUpdates request; make sure that only one bot instance is running
2026-09-29 16:59:06,947 [WARNING] aiogram.dispatcher: Sleep for 4.796948 seconds and try again... (tryings = 379, bot id = 8707195513)
2026-09-29 16:59:16,801 [ERROR] aiogram.dispatcher: Failed to fetch updates - TelegramConflictError: Telegram server says - Conflict: terminated by other getUpdates request; make sure that only one bot instance is running
2026-09-29 16:59:16,801 [WARNING] aiogram.dispatcher: Sleep for 4.955608 seconds and try again... (tryings = 380, bot id = 8707195513)
2026-09-29 16:59:26,746 [ERROR] aiogram.dispatcher: Failed to fetch updates - TelegramConflictError: Telegram server says - Conflict: terminated by other getUpdates request; make sure that only one bot instance is running
2026-09-29 16:59:26,746 [WARNING] aiogram.dispatcher: Sleep for 5.249739 seconds and try again... (tryings = 381, bot id = 8707195513)
2026-09-29 16:59:36,947 [ERROR] aiogram.dispatcher: Failed to fetch updates - TelegramConflictError: Telegram server says - Conflict: terminated by other getUpdates request; make sure that only one bot instance is running
2026-09-29 16:59:36,948 [WARNING] aiogram.dispatcher: Sleep for 4.956361 seconds and try again... (tryings = 382, bot id = 8707195513)
2026-09-29 16:59:46,970 [ERROR] aiogram.dispatcher: Failed to fetch updates - TelegramConflictError: Telegram server says - Conflict: terminated by other getUpdates request; make sure that only one bot instance is running
2026-09-29 16:59:46,970 [WARNING] aiogram.dispatcher: Sleep for 5.055505 seconds and try again... (tryings = 383, bot id = 8707195513)
2026-09-29 16:59:57,325 [ERROR] aiogram.dispatcher: Failed to fetch updates - TelegramConflictError: Telegram server says - Conflict: terminated by other getUpdates request; make sure that only one bot instance is running
2026-09-29 16:59:57,326 [WARNING] aiogram.dispatcher: Sleep for 5.019465 seconds and try again... (tryings = 384, bot id = 8707195513)
2026-09-29 17:00:07,327 [ERROR] aiogram.dispatcher: Failed to fetch updates - TelegramConflictError: Telegram server says - Conflict: terminated by other getUpdates request; make sure that only one bot instance is running
2026-09-29 17:00:07,328 [WARNING] aiogram.dispatcher: Sleep for 5.031305 seconds and try again... (tryings = 385, bot id = 8707195513)
2026-09-29 17:00:17,474 [ERROR] aiogram.dispatcher: Failed to fetch updates - TelegramConflictError: Telegram server says - Conflict: terminated by other getUpdates request; make sure that only one bot instance is running
2026-09-29 17:00:17,474 [WARNING] aiogram.dispatcher: Sleep for 4.819577 seconds and try again... (tryings = 386, bot id = 8707195513)
2026-09-29 17:00:27,456 [ERROR] aiogram.dispatcher: Failed to fetch updates - TelegramConflictError: Telegram server says - Conflict: terminated by other getUpdates request; make sure that only one bot instance is running
2026-09-29 17:00:27,456 [WARNING] aiogram.dispatcher: Sleep for 4.975957 seconds and try again... (tryings = 387, bot id = 8707195513)
2026-09-29 17:00:37,610 [ERROR] aiogram.dispatcher: Failed to fetch updates - TelegramConflictError: Telegram server says - Conflict: terminated by other getUpdates request; make sure that only one bot instance is running
2026-09-29 17:00:37,610 [WARNING] aiogram.dispatcher: Sleep for 4.912973 seconds and try again... (tryings = 388, bot id = 8707195513)
2026-09-29 17:00:47,671 [ERROR] aiogram.dispatcher: Failed to fetch updates - TelegramConflictError: Telegram server says - Conflict: terminated by other getUpdates request; make sure that only one bot instance is running
2026-09-29 17:00:47,671 [WARNING] aiogram.dispatcher: Sleep for 5.259511 seconds and try again... (tryings = 389, bot id = 8707195513)
2026-09-29 17:00:57,887 [ERROR] aiogram.dispatcher: Failed to fetch updates - TelegramConflictError: Telegram server says - Conflict: terminated by other getUpdates request; make sure that only one bot instance is running
2026-09-29 17:00:57,887 [WARNING] aiogram.dispatcher: Sleep for 5.052456 seconds and try again... (tryings = 390, bot id = 8707195513)
2026-09-29 17:01:08,101 [ERROR] aiogram.dispatcher: Failed to fetch updates - TelegramConflictError: Telegram server says - Conflict: terminated by other getUpdates request; make sure that only one bot instance is running
2026-09-29 17:01:08,101 [WARNING] aiogram.dispatcher: Sleep for 5.169919 seconds and try again... (tryings = 391, bot id = 8707195513)
2026-09-29 17:01:18,471 [ERROR] aiogram.dispatcher: Failed to fetch updates - TelegramConflictError: Telegram server says - Conflict: terminated by other getUpdates request; make sure that only one bot instance is running
2026-09-29 17:01:18,472 [WARNING] aiogram.dispatcher: Sleep for 4.790125 seconds and try again... (tryings = 392, bot id = 8707195513)
2026-09-29 17:01:28,349 [ERROR] aiogram.dispatcher: Failed to fetch updates - TelegramConflictError: Telegram server says - Conflict: terminated by other getUpdates request; make sure that only one bot instance is running
2026-09-29 17:01:28,349 [WARNING] aiogram.dispatcher: Sleep for 4.847613 seconds and try again... (tryings = 393, bot id = 8707195513)
2026-09-29 17:01:38,299 [ERROR] aiogram.dispatcher: Failed to fetch updates - TelegramConflictError: Telegram server says - Conflict: terminated by other getUpdates request; make sure that only one bot instance is running
2026-09-29 17:01:38,299 [WARNING] aiogram.dispatcher: Sleep for 4.944691 seconds and try again... (tryings = 394, bot id = 8707195513)
2026-09-29 17:01:48,331 [ERROR] aiogram.dispatcher: Failed to fetch updates - TelegramConflictError: Telegram server says - Conflict: terminated by other getUpdates request; make sure that only one bot instance is running
2026-09-29 17:01:48,331 [WARNING] aiogram.dispatcher: Sleep for 4.844134 seconds and try again... (tryings = 395, bot id = 8707195513)
2026-09-29 17:01:58,412 [ERROR] aiogram.dispatcher: Failed to fetch updates - TelegramConflictError: Telegram server says - Conflict: terminated by other getUpdates request; make sure that only one bot instance is running
2026-09-29 17:01:58,413 [WARNING] aiogram.dispatcher: Sleep for 5.024671 seconds and try again... (tryings = 396, bot id = 8707195513)
2026-09-29 17:02:08,838 [ERROR] aiogram.dispatcher: Failed to fetch updates - TelegramConflictError: Telegram server says - Conflict: terminated by other getUpdates request; make sure that only one bot instance is running
2026-09-29 17:02:08,838 [WARNING] aiogram.dispatcher: Sleep for 4.861839 seconds and try again... (tryings = 397, bot id = 8707195513)
2026-09-29 17:02:18,918 [ERROR] aiogram.dispatcher: Failed to fetch updates - TelegramConflictError: Telegram server says - Conflict: terminated by other getUpdates request; make sure that only one bot instance is running
2026-09-29 17:02:18,918 [WARNING] aiogram.dispatcher: Sleep for 4.983250 seconds and try again... (tryings = 398, bot id = 8707195513)
2026-09-29 17:02:29,106 [ERROR] aiogram.dispatcher: Failed to fetch updates - TelegramConflictError: Telegram server says - Conflict: terminated by other getUpdates request; make sure that only one bot instance is running
2026-09-29 17:02:29,106 [WARNING] aiogram.dispatcher: Sleep for 5.113184 seconds and try again... (tryings = 399, bot id = 8707195513)
2026-09-29 17:02:39,444 [ERROR] aiogram.dispatcher: Failed to fetch updates - TelegramConflictError: Telegram server says - Conflict: terminated by other getUpdates request; make sure that only one bot instance is running
2026-09-29 17:02:39,444 [WARNING] aiogram.dispatcher: Sleep for 4.970444 seconds and try again... (tryings = 400, bot id = 8707195513)
2026-09-29 17:02:49,261 [ERROR] aiogram.dispatcher: Failed to fetch updates - TelegramConflictError: Telegram server says - Conflict: terminated by other getUpdates request; make sure that only one bot instance is running
2026-09-29 17:02:49,261 [WARNING] aiogram.dispatcher: Sleep for 4.908159 seconds and try again... (tryings = 401, bot id = 8707195513)
2026-09-29 17:02:59,339 [ERROR] aiogram.dispatcher: Failed to fetch updates - TelegramConflictError: Telegram server says - Conflict: terminated by other getUpdates request; make sure that only one bot instance is running
2026-09-29 17:02:59,339 [WARNING] aiogram.dispatcher: Sleep for 5.168806 seconds and try again... (tryings = 402, bot id = 8707195513)
2026-09-29 17:03:09,637 [ERROR] aiogram.dispatcher: Failed to fetch updates - TelegramConflictError: Telegram server says - Conflict: terminated by other getUpdates request; make sure that only one bot instance is running
2026-09-29 17:03:09,637 [WARNING] aiogram.dispatcher: Sleep for 5.114233 seconds and try again... (tryings = 403, bot id = 8707195513)
2026-09-29 17:03:19,884 [ERROR] aiogram.dispatcher: Failed to fetch updates - TelegramConflictError: Telegram server says - Conflict: terminated by other getUpdates request; make sure that only one bot instance is running
2026-09-29 17:03:19,884 [WARNING] aiogram.dispatcher: Sleep for 4.949817 seconds and try again... (tryings = 404, bot id = 8707195513)
2026-09-29 17:03:29,866 [ERROR] aiogram.dispatcher: Failed to fetch updates - TelegramConflictError: Telegram server says - Conflict: terminated by other getUpdates request; make sure that only one bot instance is running
2026-09-29 17:03:29,866 [WARNING] aiogram.dispatcher: Sleep for 5.198045 seconds and try again... (tryings = 405, bot id = 8707195513)
2026-09-29 17:03:40,144 [ERROR] aiogram.dispatcher: Failed to fetch updates - TelegramConflictError: Telegram server says - Conflict: terminated by other getUpdates request; make sure that only one bot instance is running
2026-09-29 17:03:40,144 [WARNING] aiogram.dispatcher: Sleep for 4.819310 seconds and try again... (tryings = 406, bot id = 8707195513)
2026-09-29 17:03:50,214 [ERROR] aiogram.dispatcher: Failed to fetch updates - TelegramConflictError: Telegram server says - Conflict: terminated by other getUpdates request; make sure that only one bot instance is running
2026-09-29 17:03:50,215 [WARNING] aiogram.dispatcher: Sleep for 5.222816 seconds and try again... (tryings = 407, bot id = 8707195513)
2026-09-29 17:04:00,547 [ERROR] aiogram.dispatcher: Failed to fetch updates - TelegramConflictError: Telegram server says - Conflict: terminated by other getUpdates request; make sure that only one bot instance is running
2026-09-29 17:04:00,547 [WARNING] aiogram.dispatcher: Sleep for 4.956836 seconds and try again... (tryings = 408, bot id = 8707195513)
2026-09-29 17:04:10,699 [ERROR] aiogram.dispatcher: Failed to fetch updates - TelegramConflictError: Telegram server says - Conflict: terminated by other getUpdates request; make sure that only one bot instance is running
2026-09-29 17:04:10,699 [WARNING] aiogram.dispatcher: Sleep for 5.080243 seconds and try again... (tryings = 409, bot id = 8707195513)
2026-09-29 17:04:20,951 [ERROR] aiogram.dispatcher: Failed to fetch updates - TelegramConflictError: Telegram server says - Conflict: terminated by other getUpdates request; make sure that only one bot instance is running
2026-09-29 17:04:20,951 [WARNING] aiogram.dispatcher: Sleep for 4.907580 seconds and try again... (tryings = 410, bot id = 8707195513)
2026-09-29 17:04:31,124 [ERROR] aiogram.dispatcher: Failed to fetch updates - TelegramConflictError: Telegram server says - Conflict: terminated by other getUpdates request; make sure that only one bot instance is running
2026-09-29 17:04:31,124 [WARNING] aiogram.dispatcher: Sleep for 5.098902 seconds and try again... (tryings = 411, bot id = 8707195513)
2026-09-29 17:04:41,571 [ERROR] aiogram.dispatcher: Failed to fetch updates - TelegramConflictError: Telegram server says - Conflict: terminated by other getUpdates request; make sure that only one bot instance is running
2026-09-29 17:04:41,571 [WARNING] aiogram.dispatcher: Sleep for 5.162845 seconds and try again... (tryings = 412, bot id = 8707195513)
2026-09-29 17:04:51,779 [ERROR] aiogram.dispatcher: Failed to fetch updates - TelegramConflictError: Telegram server says - Conflict: terminated by other getUpdates request; make sure that only one bot instance is running
2026-09-29 17:04:51,779 [WARNING] aiogram.dispatcher: Sleep for 5.026996 seconds and try again... (tryings = 413, bot id = 8707195513)
2026-09-29 17:05:01,903 [ERROR] aiogram.dispatcher: Failed to fetch updates - TelegramConflictError: Telegram server says - Conflict: terminated by other getUpdates request; make sure that only one bot instance is running
2026-09-29 17:05:01,903 [WARNING] aiogram.dispatcher: Sleep for 5.018407 seconds and try again... (tryings = 414, bot id = 8707195513)
2026-09-29 17:05:11,892 [ERROR] aiogram.dispatcher: Failed to fetch updates - TelegramConflictError: Telegram server says - Conflict: terminated by other getUpdates request; make sure that only one bot instance is running
2026-09-29 17:05:11,892 [WARNING] aiogram.dispatcher: Sleep for 5.076341 seconds and try again... (tryings = 415, bot id = 8707195513)
2026-09-29 17:05:22,419 [ERROR] aiogram.dispatcher: Failed to fetch updates - TelegramConflictError: Telegram server says - Conflict: terminated by other getUpdates request; make sure that only one bot instance is running
2026-09-29 17:05:22,419 [WARNING] aiogram.dispatcher: Sleep for 4.981150 seconds and try again... (tryings = 416, bot id = 8707195513)
2026-09-29 17:05:32,562 [ERROR] aiogram.dispatcher: Failed to fetch updates - TelegramConflictError: Telegram server says - Conflict: terminated by other getUpdates request; make sure that only one bot instance is running
2026-09-29 17:05:32,562 [WARNING] aiogram.dispatcher: Sleep for 4.912534 seconds and try again... (tryings = 417, bot id = 8707195513)
2026-09-29 17:05:42,738 [ERROR] aiogram.dispatcher: Failed to fetch updates - TelegramConflictError: Telegram server says - Conflict: terminated by other getUpdates request; make sure that only one bot instance is running
2026-09-29 17:05:42,738 [WARNING] aiogram.dispatcher: Sleep for 4.967802 seconds and try again... (tryings = 418, bot id = 8707195513)
2026-09-29 17:05:52,796 [ERROR] aiogram.dispatcher: Failed to fetch updates - TelegramConflictError: Telegram server says - Conflict: terminated by other getUpdates request; make sure that only one bot instance is running
2026-09-29 17:05:52,796 [WARNING] aiogram.dispatcher: Sleep for 4.888782 seconds and try again... (tryings = 419, bot id = 8707195513)
2026-09-29 17:06:02,724 [ERROR] aiogram.dispatcher: Failed to fetch updates - TelegramConflictError: Telegram server says - Conflict: terminated by other getUpdates request; make sure that only one bot instance is running
2026-09-29 17:06:02,725 [WARNING] aiogram.dispatcher: Sleep for 5.139082 seconds and try again... (tryings = 420, bot id = 8707195513)
2026-09-29 17:06:13,090 [ERROR] aiogram.dispatcher: Failed to fetch updates - TelegramConflictError: Telegram server says - Conflict: terminated by other getUpdates request; make sure that only one bot instance is running
2026-09-29 17:06:13,091 [WARNING] aiogram.dispatcher: Sleep for 5.062822 seconds and try again... (tryings = 421, bot id = 8707195513)
2026-09-29 17:06:23,119 [ERROR] aiogram.dispatcher: Failed to fetch updates - TelegramConflictError: Telegram server says - Conflict: terminated by other getUpdates request; make sure that only one bot instance is running
2026-09-29 17:06:23,120 [WARNING] aiogram.dispatcher: Sleep for 4.959826 seconds and try again... (tryings = 422, bot id = 8707195513)
2026-09-29 17:06:33,383 [ERROR] aiogram.dispatcher: Failed to fetch updates - TelegramConflictError: Telegram server says - Conflict: terminated by other getUpdates request; make sure that only one bot instance is running
2026-09-29 17:06:33,384 [WARNING] aiogram.dispatcher: Sleep for 4.988554 seconds and try again... (tryings = 423, bot id = 8707195513)
2026-09-29 17:06:43,452 [ERROR] aiogram.dispatcher: Failed to fetch updates - TelegramConflictError: Telegram server says - Conflict: terminated by other getUpdates request; make sure that only one bot instance is running
2026-09-29 17:06:43,452 [WARNING] aiogram.dispatcher: Sleep for 4.902231 seconds and try again... (tryings = 424, bot id = 8707195513)
2026-09-29 17:06:53,443 [ERROR] aiogram.dispatcher: Failed to fetch updates - TelegramConflictError: Telegram server says - Conflict: terminated by other getUpdates request; make sure that only one bot instance is running
2026-09-29 17:06:53,446 [WARNING] aiogram.dispatcher: Sleep for 4.984414 seconds and try again... (tryings = 425, bot id = 8707195513)
2026-09-29 17:07:03,684 [ERROR] aiogram.dispatcher: Failed to fetch updates - TelegramConflictError: Telegram server says - Conflict: terminated by other getUpdates request; make sure that only one bot instance is running
2026-09-29 17:07:03,685 [WARNING] aiogram.dispatcher: Sleep for 4.961953 seconds and try again... (tryings = 426, bot id = 8707195513)
2026-09-29 17:07:13,815 [ERROR] aiogram.dispatcher: Failed to fetch updates - TelegramConflictError: Telegram server says - Conflict: terminated by other getUpdates request; make sure that only one bot instance is running
2026-09-29 17:07:13,816 [WARNING] aiogram.dispatcher: Sleep for 5.038073 seconds and try again... (tryings = 427, bot id = 8707195513)
2026-09-29 17:07:23,849 [ERROR] aiogram.dispatcher: Failed to fetch updates - TelegramConflictError: Telegram server says - Conflict: terminated by other getUpdates request; make sure that only one bot instance is running
2026-09-29 17:07:23,850 [WARNING] aiogram.dispatcher: Sleep for 5.031124 seconds and try again... (tryings = 428, bot id = 8707195513)
2026-09-29 17:07:33,855 [ERROR] aiogram.dispatcher: Failed to fetch updates - TelegramConflictError: Telegram server says - Conflict: terminated by other getUpdates request; make sure that only one bot instance is running
2026-09-29 17:07:33,855 [WARNING] aiogram.dispatcher: Sleep for 4.944856 seconds and try again... (tryings = 429, bot id = 8707195513)
2026-09-29 17:07:44,028 [ERROR] aiogram.dispatcher: Failed to fetch updates - TelegramConflictError: Telegram server says - Conflict: terminated by other getUpdates request; make sure that only one bot instance is running
2026-09-29 17:07:44,028 [WARNING] aiogram.dispatcher: Sleep for 4.960169 seconds and try again... (tryings = 430, bot id = 8707195513)
2026-09-29 17:07:54,211 [ERROR] aiogram.dispatcher: Failed to fetch updates - TelegramConflictError: Telegram server says - Conflict: terminated by other getUpdates request; make sure that only one bot instance is running
2026-09-29 17:07:54,212 [WARNING] aiogram.dispatcher: Sleep for 4.935474 seconds and try again... (tryings = 431, bot id = 8707195513)
2026-09-29 17:08:04,125 [ERROR] aiogram.dispatcher: Failed to fetch updates - TelegramConflictError: Telegram server says - Conflict: terminated by other getUpdates request; make sure that only one bot instance is running
2026-09-29 17:08:04,126 [WARNING] aiogram.dispatcher: Sleep for 4.738909 seconds and try again... (tryings = 432, bot id = 8707195513)
2026-09-29 17:08:14,130 [ERROR] aiogram.dispatcher: Failed to fetch updates - TelegramConflictError: Telegram server says - Conflict: terminated by other getUpdates request; make sure that only one bot instance is running
2026-09-29 17:08:14,130 [WARNING] aiogram.dispatcher: Sleep for 5.062942 seconds and try again... (tryings = 433, bot id = 8707195513)
2026-09-29 17:08:24,260 [ERROR] aiogram.dispatcher: Failed to fetch updates - TelegramConflictError: Telegram server says - Conflict: terminated by other getUpdates request; make sure that only one bot instance is running
2026-09-29 17:08:24,260 [WARNING] aiogram.dispatcher: Sleep for 4.988374 seconds and try again... (tryings = 434, bot id = 8707195513)
2026-09-29 17:08:34,441 [ERROR] aiogram.dispatcher: Failed to fetch updates - TelegramConflictError: Telegram server says - Conflict: terminated by other getUpdates request; make sure that only one bot instance is running
2026-09-29 17:08:34,442 [WARNING] aiogram.dispatcher: Sleep for 5.019692 seconds and try again... (tryings = 435, bot id = 8707195513)
2026-09-29 17:08:44,657 [ERROR] aiogram.dispatcher: Failed to fetch updates - TelegramConflictError: Telegram server says - Conflict: terminated by other getUpdates request; make sure that only one bot instance is running
2026-09-29 17:08:44,657 [WARNING] aiogram.dispatcher: Sleep for 5.077977 seconds and try again... (tryings = 436, bot id = 8707195513)
2026-09-29 17:08:54,618 [ERROR] aiogram.dispatcher: Failed to fetch updates - TelegramConflictError: Telegram server says - Conflict: terminated by other getUpdates request; make sure that only one bot instance is running
2026-09-29 17:08:54,618 [WARNING] aiogram.dispatcher: Sleep for 4.932009 seconds and try again... (tryings = 437, bot id = 8707195513)
2026-09-29 17:09:04,718 [ERROR] aiogram.dispatcher: Failed to fetch updates - TelegramConflictError: Telegram server says - Conflict: terminated by other getUpdates request; make sure that only one bot instance is running
2026-09-29 17:09:04,718 [WARNING] aiogram.dispatcher: Sleep for 5.280670 seconds and try again... (tryings = 438, bot id = 8707195513)
2026-09-29 17:09:15,228 [ERROR] aiogram.dispatcher: Failed to fetch updates - TelegramConflictError: Telegram server says - Conflict: terminated by other getUpdates request; make sure that only one bot instance is running
2026-09-29 17:09:15,228 [WARNING] aiogram.dispatcher: Sleep for 4.963564 seconds and try again... (tryings = 439, bot id = 8707195513)
2026-09-29 17:09:25,190 [ERROR] aiogram.dispatcher: Failed to fetch updates - TelegramConflictError: Telegram server says - Conflict: terminated by other getUpdates request; make sure that only one bot instance is running
2026-09-29 17:09:25,190 [WARNING] aiogram.dispatcher: Sleep for 4.925574 seconds and try again... (tryings = 440, bot id = 8707195513)
2026-09-29 17:09:35,221 [ERROR] aiogram.dispatcher: Failed to fetch updates - TelegramConflictError: Telegram server says - Conflict: terminated by other getUpdates request; make sure that only one bot instance is running
2026-09-29 17:09:35,221 [WARNING] aiogram.dispatcher: Sleep for 5.083555 seconds and try again... (tryings = 441, bot id = 8707195513)
2026-09-29 17:09:45,385 [ERROR] aiogram.dispatcher: Failed to fetch updates - TelegramConflictError: Telegram server says - Conflict: terminated by other getUpdates request; make sure that only one bot instance is running
2026-09-29 17:09:45,385 [WARNING] aiogram.dispatcher: Sleep for 4.923176 seconds and try again... (tryings = 442, bot id = 8707195513)
2026-09-29 17:09:55,349 [ERROR] aiogram.dispatcher: Failed to fetch updates - TelegramConflictError: Telegram server says - Conflict: terminated by other getUpdates request; make sure that only one bot instance is running
2026-09-29 17:09:55,349 [WARNING] aiogram.dispatcher: Sleep for 4.964066 seconds and try again... (tryings = 443, bot id = 8707195513)
2026-09-29 17:10:05,473 [ERROR] aiogram.dispatcher: Failed to fetch updates - TelegramConflictError: Telegram server says - Conflict: terminated by other getUpdates request; make sure that only one bot instance is running
2026-09-29 17:10:05,473 [WARNING] aiogram.dispatcher: Sleep for 4.897877 seconds and try again... (tryings = 444, bot id = 8707195513)
2026-09-29 17:10:15,507 [ERROR] aiogram.dispatcher: Failed to fetch updates - TelegramConflictError: Telegram server says - Conflict: terminated by other getUpdates request; make sure that only one bot instance is running
2026-09-29 17:10:15,507 [WARNING] aiogram.dispatcher: Sleep for 5.025628 seconds and try again... (tryings = 445, bot id = 8707195513)
2026-09-29 17:10:25,750 [ERROR] aiogram.dispatcher: Failed to fetch updates - TelegramConflictError: Telegram server says - Conflict: terminated by other getUpdates request; make sure that only one bot instance is running
2026-09-29 17:10:25,750 [WARNING] aiogram.dispatcher: Sleep for 5.171281 seconds and try again... (tryings = 446, bot id = 8707195513)
2026-09-29 17:10:36,135 [ERROR] aiogram.dispatcher: Failed to fetch updates - TelegramConflictError: Telegram server says - Conflict: terminated by other getUpdates request; make sure that only one bot instance is running
2026-09-29 17:10:36,135 [WARNING] aiogram.dispatcher: Sleep for 4.900418 seconds and try again... (tryings = 447, bot id = 8707195513)
2026-09-29 17:10:46,156 [ERROR] aiogram.dispatcher: Failed to fetch updates - TelegramConflictError: Telegram server says - Conflict: terminated by other getUpdates request; make sure that only one bot instance is running
2026-09-29 17:10:46,157 [WARNING] aiogram.dispatcher: Sleep for 5.157930 seconds and try again... (tryings = 448, bot id = 8707195513)
2026-09-29 17:10:56,333 [ERROR] aiogram.dispatcher: Failed to fetch updates - TelegramConflictError: Telegram server says - Conflict: terminated by other getUpdates request; make sure that only one bot instance is running
2026-09-29 17:10:56,334 [WARNING] aiogram.dispatcher: Sleep for 5.010952 seconds and try again... (tryings = 449, bot id = 8707195513)
2026-09-29 17:11:06,430 [ERROR] aiogram.dispatcher: Failed to fetch updates - TelegramConflictError: Telegram server says - Conflict: terminated by other getUpdates request; make sure that only one bot instance is running
2026-09-29 17:11:06,430 [WARNING] aiogram.dispatcher: Sleep for 4.912589 seconds and try again... (tryings = 450, bot id = 8707195513)
2026-09-29 17:11:16,447 [ERROR] aiogram.dispatcher: Failed to fetch updates - TelegramConflictError: Telegram server says - Conflict: terminated by other getUpdates request; make sure that only one bot instance is running
2026-09-29 17:11:16,448 [WARNING] aiogram.dispatcher: Sleep for 5.056188 seconds and try again... (tryings = 451, bot id = 8707195513)
2026-09-29 17:11:26,732 [ERROR] aiogram.dispatcher: Failed to fetch updates - TelegramConflictError: Telegram server says - Conflict: terminated by other getUpdates request; make sure that only one bot instance is running
2026-09-29 17:11:26,732 [WARNING] aiogram.dispatcher: Sleep for 4.988671 seconds and try again... (tryings = 452, bot id = 8707195513)
2026-09-29 17:11:36,923 [ERROR] aiogram.dispatcher: Failed to fetch updates - TelegramConflictError: Telegram server says - Conflict: terminated by other getUpdates request; make sure that only one bot instance is running
2026-09-29 17:11:36,923 [WARNING] aiogram.dispatcher: Sleep for 4.873915 seconds and try again... (tryings = 453, bot id = 8707195513)
2026-09-29 17:11:46,593 [ERROR] aiogram.dispatcher: Failed to fetch updates - TelegramConflictError: Telegram server says - Conflict: terminated by other getUpdates request; make sure that only one bot instance is running
2026-09-29 17:11:46,593 [WARNING] aiogram.dispatcher: Sleep for 5.137998 seconds and try again... (tryings = 454, bot id = 8707195513)
2026-09-29 17:11:56,942 [ERROR] aiogram.dispatcher: Failed to fetch updates - TelegramConflictError: Telegram server says - Conflict: terminated by other getUpdates request; make sure that only one bot instance is running
2026-09-29 17:11:56,942 [WARNING] aiogram.dispatcher: Sleep for 4.815169 seconds and try again... (tryings = 455, bot id = 8707195513)
2026-09-29 17:12:07,020 [ERROR] aiogram.dispatcher: Failed to fetch updates - TelegramConflictError: Telegram server says - Conflict: terminated by other getUpdates request; make sure that only one bot instance is running
2026-09-29 17:12:07,020 [WARNING] aiogram.dispatcher: Sleep for 5.161535 seconds and try again... (tryings = 456, bot id = 8707195513)
2026-09-29 17:12:17,230 [ERROR] aiogram.dispatcher: Failed to fetch updates - TelegramConflictError: Telegram server says - Conflict: terminated by other getUpdates request; make sure that only one bot instance is running
2026-09-29 17:12:17,230 [WARNING] aiogram.dispatcher: Sleep for 5.052047 seconds and try again... (tryings = 457, bot id = 8707195513)
2026-09-29 17:12:27,600 [ERROR] aiogram.dispatcher: Failed to fetch updates - TelegramConflictError: Telegram server says - Conflict: terminated by other getUpdates request; make sure that only one bot instance is running
2026-09-29 17:12:27,600 [WARNING] aiogram.dispatcher: Sleep for 4.850332 seconds and try again... (tryings = 458, bot id = 8707195513)
2026-09-29 17:12:37,519 [ERROR] aiogram.dispatcher: Failed to fetch updates - TelegramConflictError: Telegram server says - Conflict: terminated by other getUpdates request; make sure that only one bot instance is running
2026-09-29 17:12:37,519 [WARNING] aiogram.dispatcher: Sleep for 5.058408 seconds and try again... (tryings = 459, bot id = 8707195513)
2026-09-29 17:12:47,780 [ERROR] aiogram.dispatcher: Failed to fetch updates - TelegramConflictError: Telegram server says - Conflict: terminated by other getUpdates request; make sure that only one bot instance is running
2026-09-29 17:12:47,780 [WARNING] aiogram.dispatcher: Sleep for 5.089203 seconds and try again... (tryings = 460, bot id = 8707195513)
2026-09-29 17:12:58,043 [ERROR] aiogram.dispatcher: Failed to fetch updates - TelegramConflictError: Telegram server says - Conflict: terminated by other getUpdates request; make sure that only one bot instance is running
2026-09-29 17:12:58,043 [WARNING] aiogram.dispatcher: Sleep for 5.083221 seconds and try again... (tryings = 461, bot id = 8707195513)
2026-09-29 17:13:08,327 [ERROR] aiogram.dispatcher: Failed to fetch updates - TelegramConflictError: Telegram server says - Conflict: terminated by other getUpdates request; make sure that only one bot instance is running
2026-09-29 17:13:08,327 [WARNING] aiogram.dispatcher: Sleep for 5.183068 seconds and try again... (tryings = 462, bot id = 8707195513)
2026-09-29 17:13:18,687 [ERROR] aiogram.dispatcher: Failed to fetch updates - TelegramConflictError: Telegram server says - Conflict: terminated by other getUpdates request; make sure that only one bot instance is running
2026-09-29 17:13:18,687 [WARNING] aiogram.dispatcher: Sleep for 4.918771 seconds and try again... (tryings = 463, bot id = 8707195513)
2026-09-29 17:13:28,639 [ERROR] aiogram.dispatcher: Failed to fetch updates - TelegramConflictError: Telegram server says - Conflict: terminated by other getUpdates request; make sure that only one bot instance is running
2026-09-29 17:13:28,639 [WARNING] aiogram.dispatcher: Sleep for 4.931380 seconds and try again... (tryings = 464, bot id = 8707195513)
2026-09-29 17:13:38,849 [ERROR] aiogram.dispatcher: Failed to fetch updates - TelegramConflictError: Telegram server says - Conflict: terminated by other getUpdates request; make sure that only one bot instance is running
2026-09-29 17:13:38,849 [WARNING] aiogram.dispatcher: Sleep for 5.074597 seconds and try again... (tryings = 465, bot id = 8707195513)
2026-09-29 17:13:48,966 [ERROR] aiogram.dispatcher: Failed to fetch updates - TelegramConflictError: Telegram server says - Conflict: terminated by other getUpdates request; make sure that only one bot instance is running
2026-09-29 17:13:48,966 [WARNING] aiogram.dispatcher: Sleep for 5.092100 seconds and try again... (tryings = 466, bot id = 8707195513)
2026-09-29 17:13:59,014 [ERROR] aiogram.dispatcher: Failed to fetch updates - TelegramConflictError: Telegram server says - Conflict: terminated by other getUpdates request; make sure that only one bot instance is running
2026-09-29 17:13:59,014 [WARNING] aiogram.dispatcher: Sleep for 5.090779 seconds and try again... (tryings = 467, bot id = 8707195513)
2026-09-29 17:14:09,163 [ERROR] aiogram.dispatcher: Failed to fetch updates - TelegramConflictError: Telegram server says - Conflict: terminated by other getUpdates request; make sure that only one bot instance is running
2026-09-29 17:14:09,163 [WARNING] aiogram.dispatcher: Sleep for 4.958134 seconds and try again... (tryings = 468, bot id = 8707195513)
2026-09-29 17:14:19,224 [ERROR] aiogram.dispatcher: Failed to fetch updates - TelegramConflictError: Telegram server says - Conflict: terminated by other getUpdates request; make sure that only one bot instance is running
2026-09-29 17:14:19,224 [WARNING] aiogram.dispatcher: Sleep for 4.869410 seconds and try again... (tryings = 469, bot id = 8707195513)
2026-09-29 17:14:29,184 [ERROR] aiogram.dispatcher: Failed to fetch updates - TelegramConflictError: Telegram server says - Conflict: terminated by other getUpdates request; make sure that only one bot instance is running
2026-09-29 17:14:29,185 [WARNING] aiogram.dispatcher: Sleep for 5.005143 seconds and try again... (tryings = 470, bot id = 8707195513)
2026-09-29 17:14:39,288 [ERROR] aiogram.dispatcher: Failed to fetch updates - TelegramConflictError: Telegram server says - Conflict: terminated by other getUpdates request; make sure that only one bot instance is running
2026-09-29 17:14:39,288 [WARNING] aiogram.dispatcher: Sleep for 5.014383 seconds and try again... (tryings = 471, bot id = 8707195513)
2026-09-29 17:14:49,511 [ERROR] aiogram.dispatcher: Failed to fetch updates - TelegramConflictError: Telegram server says - Conflict: terminated by other getUpdates request; make sure that only one bot instance is running
2026-09-29 17:14:49,511 [WARNING] aiogram.dispatcher: Sleep for 5.030838 seconds and try again... (tryings = 472, bot id = 8707195513)
2026-09-29 17:14:59,873 [ERROR] aiogram.dispatcher: Failed to fetch updates - TelegramConflictError: Telegram server says - Conflict: terminated by other getUpdates request; make sure that only one bot instance is running
2026-09-29 17:14:59,873 [WARNING] aiogram.dispatcher: Sleep for 5.043988 seconds and try again... (tryings = 473, bot id = 8707195513)
2026-09-29 17:15:10,247 [ERROR] aiogram.dispatcher: Failed to fetch updates - TelegramConflictError: Telegram server says - Conflict: terminated by other getUpdates request; make sure that only one bot instance is running
2026-09-29 17:15:10,247 [WARNING] aiogram.dispatcher: Sleep for 5.124150 seconds and try again... (tryings = 474, bot id = 8707195513)
2026-09-29 17:15:20,572 [ERROR] aiogram.dispatcher: Failed to fetch updates - TelegramConflictError: Telegram server says - Conflict: terminated by other getUpdates request; make sure that only one bot instance is running
2026-09-29 17:15:20,572 [WARNING] aiogram.dispatcher: Sleep for 4.904857 seconds and try again... (tryings = 475, bot id = 8707195513)
2026-09-29 17:15:30,567 [ERROR] aiogram.dispatcher: Failed to fetch updates - TelegramConflictError: Telegram server says - Conflict: terminated by other getUpdates request; make sure that only one bot instance is running
2026-09-29 17:15:30,567 [WARNING] aiogram.dispatcher: Sleep for 5.221470 seconds and try again... (tryings = 476, bot id = 8707195513)
2026-09-29 17:15:40,879 [ERROR] aiogram.dispatcher: Failed to fetch updates - TelegramConflictError: Telegram server says - Conflict: terminated by other getUpdates request; make sure that only one bot instance is running
2026-09-29 17:15:40,879 [WARNING] aiogram.dispatcher: Sleep for 5.014255 seconds and try again... (tryings = 477, bot id = 8707195513)
2026-09-29 17:15:51,064 [ERROR] aiogram.dispatcher: Failed to fetch updates - TelegramConflictError: Telegram server says - Conflict: terminated by other getUpdates request; make sure that only one bot instance is running
2026-09-29 17:15:51,064 [WARNING] aiogram.dispatcher: Sleep for 4.967919 seconds and try again... (tryings = 478, bot id = 8707195513)
2026-09-29 17:16:01,336 [ERROR] aiogram.dispatcher: Failed to fetch updates - TelegramConflictError: Telegram server says - Conflict: terminated by other getUpdates request; make sure that only one bot instance is running
2026-09-29 17:16:01,336 [WARNING] aiogram.dispatcher: Sleep for 4.893547 seconds and try again... (tryings = 479, bot id = 8707195513)
2026-09-29 17:16:11,232 [ERROR] aiogram.dispatcher: Failed to fetch updates - TelegramConflictError: Telegram server says - Conflict: terminated by other getUpdates request; make sure that only one bot instance is running
2026-09-29 17:16:11,232 [WARNING] aiogram.dispatcher: Sleep for 4.972195 seconds and try again... (tryings = 480, bot id = 8707195513)
2026-09-29 17:16:21,508 [ERROR] aiogram.dispatcher: Failed to fetch updates - TelegramConflictError: Telegram server says - Conflict: terminated by other getUpdates request; make sure that only one bot instance is running
2026-09-29 17:16:21,508 [WARNING] aiogram.dispatcher: Sleep for 4.957267 seconds and try again... (tryings = 481, bot id = 8707195513)
2026-09-29 17:16:31,542 [ERROR] aiogram.dispatcher: Failed to fetch updates - TelegramConflictError: Telegram server says - Conflict: terminated by other getUpdates request; make sure that only one bot instance is running
2026-09-29 17:16:31,542 [WARNING] aiogram.dispatcher: Sleep for 4.920138 seconds and try again... (tryings = 482, bot id = 8707195513)
2026-09-29 17:16:41,694 [ERROR] aiogram.dispatcher: Failed to fetch updates - TelegramConflictError: Telegram server says - Conflict: terminated by other getUpdates request; make sure that only one bot instance is running
2026-09-29 17:16:41,694 [WARNING] aiogram.dispatcher: Sleep for 4.924700 seconds and try again... (tryings = 483, bot id = 8707195513)
2026-09-29 17:16:51,688 [ERROR] aiogram.dispatcher: Failed to fetch updates - TelegramConflictError: Telegram server says - Conflict: terminated by other getUpdates request; make sure that only one bot instance is running
2026-09-29 17:16:51,688 [WARNING] aiogram.dispatcher: Sleep for 5.105226 seconds and try again... (tryings = 484, bot id = 8707195513)
2026-09-29 17:17:02,007 [ERROR] aiogram.dispatcher: Failed to fetch updates - TelegramConflictError: Telegram server says - Conflict: terminated by other getUpdates request; make sure that only one bot instance is running
2026-09-29 17:17:02,007 [WARNING] aiogram.dispatcher: Sleep for 5.053053 seconds and try again... (tryings = 485, bot id = 8707195513)
2026-09-29 17:17:12,150 [ERROR] aiogram.dispatcher: Failed to fetch updates - TelegramConflictError: Telegram server says - Conflict: terminated by other getUpdates request; make sure that only one bot instance is running
2026-09-29 17:17:12,150 [WARNING] aiogram.dispatcher: Sleep for 5.045344 seconds and try again... (tryings = 486, bot id = 8707195513)
2026-09-29 17:17:22,404 [ERROR] aiogram.dispatcher: Failed to fetch updates - TelegramConflictError: Telegram server says - Conflict: terminated by other getUpdates request; make sure that only one bot instance is running
2026-09-29 17:17:22,404 [WARNING] aiogram.dispatcher: Sleep for 4.967558 seconds and try again... (tryings = 487, bot id = 8707195513)
2026-09-29 17:17:32,601 [ERROR] aiogram.dispatcher: Failed to fetch updates - TelegramConflictError: Telegram server says - Conflict: terminated by other getUpdates request; make sure that only one bot instance is running
2026-09-29 17:17:32,601 [WARNING] aiogram.dispatcher: Sleep for 4.986594 seconds and try again... (tryings = 488, bot id = 8707195513)
2026-09-29 17:17:42,724 [ERROR] aiogram.dispatcher: Failed to fetch updates - TelegramConflictError: Telegram server says - Conflict: terminated by other getUpdates request; make sure that only one bot instance is running
2026-09-29 17:17:42,724 [WARNING] aiogram.dispatcher: Sleep for 5.188071 seconds and try again... (tryings = 489, bot id = 8707195513)
2026-09-29 17:17:53,085 [ERROR] aiogram.dispatcher: Failed to fetch updates - TelegramConflictError: Telegram server says - Conflict: terminated by other getUpdates request; make sure that only one bot instance is running
2026-09-29 17:17:53,085 [WARNING] aiogram.dispatcher: Sleep for 5.049604 seconds and try again... (tryings = 490, bot id = 8707195513)
2026-09-29 17:18:03,399 [ERROR] aiogram.dispatcher: Failed to fetch updates - TelegramConflictError: Telegram server says - Conflict: terminated by other getUpdates request; make sure that only one bot instance is running
2026-09-29 17:18:03,399 [WARNING] aiogram.dispatcher: Sleep for 4.937043 seconds and try again... (tryings = 491, bot id = 8707195513)
2026-09-29 17:18:13,586 [ERROR] aiogram.dispatcher: Failed to fetch updates - TelegramConflictError: Telegram server says - Conflict: terminated by other getUpdates request; make sure that only one bot instance is running
2026-09-29 17:18:13,586 [WARNING] aiogram.dispatcher: Sleep for 5.091152 seconds and try again... (tryings = 492, bot id = 8707195513)
2026-09-29 17:18:23,968 [ERROR] aiogram.dispatcher: Failed to fetch updates - TelegramConflictError: Telegram server says - Conflict: terminated by other getUpdates request; make sure that only one bot instance is running
2026-09-29 17:18:23,968 [WARNING] aiogram.dispatcher: Sleep for 4.968312 seconds and try again... (tryings = 493, bot id = 8707195513)
2026-09-29 17:18:33,972 [ERROR] aiogram.dispatcher: Failed to fetch updates - TelegramConflictError: Telegram server says - Conflict: terminated by other getUpdates request; make sure that only one bot instance is running
2026-09-29 17:18:33,972 [WARNING] aiogram.dispatcher: Sleep for 4.952233 seconds and try again... (tryings = 494, bot id = 8707195513)
2026-09-29 17:18:44,261 [ERROR] aiogram.dispatcher: Failed to fetch updates - TelegramConflictError: Telegram server says - Conflict: terminated by other getUpdates request; make sure that only one bot instance is running
2026-09-29 17:18:44,261 [WARNING] aiogram.dispatcher: Sleep for 5.017870 seconds and try again... (tryings = 495, bot id = 8707195513)
2026-09-29 17:18:54,408 [ERROR] aiogram.dispatcher: Failed to fetch updates - TelegramConflictError: Telegram server says - Conflict: terminated by other getUpdates request; make sure that only one bot instance is running
2026-09-29 17:18:54,408 [WARNING] aiogram.dispatcher: Sleep for 5.018169 seconds and try again... (tryings = 496, bot id = 8707195513)
2026-09-29 17:19:04,525 [ERROR] aiogram.dispatcher: Failed to fetch updates - TelegramConflictError: Telegram server says - Conflict: terminated by other getUpdates request; make sure that only one bot instance is running
2026-09-29 17:19:04,526 [WARNING] aiogram.dispatcher: Sleep for 4.926725 seconds and try again... (tryings = 497, bot id = 8707195513)
2026-09-29 17:19:14,699 [ERROR] aiogram.dispatcher: Failed to fetch updates - TelegramConflictError: Telegram server says - Conflict: terminated by other getUpdates request; make sure that only one bot instance is running
2026-09-29 17:19:14,699 [WARNING] aiogram.dispatcher: Sleep for 5.080262 seconds and try again... (tryings = 498, bot id = 8707195513)
2026-09-29 17:19:24,885 [ERROR] aiogram.dispatcher: Failed to fetch updates - TelegramConflictError: Telegram server says - Conflict: terminated by other getUpdates request; make sure that only one bot instance is running
2026-09-29 17:19:24,885 [WARNING] aiogram.dispatcher: Sleep for 5.062408 seconds and try again... (tryings = 499, bot id = 8707195513)
2026-09-29 17:19:35,171 [ERROR] aiogram.dispatcher: Failed to fetch updates - TelegramConflictError: Telegram server says - Conflict: terminated by other getUpdates request; make sure that only one bot instance is running
2026-09-29 17:19:35,171 [WARNING] aiogram.dispatcher: Sleep for 5.098566 seconds and try again... (tryings = 500, bot id = 8707195513)
2026-09-29 17:19:45,437 [ERROR] aiogram.dispatcher: Failed to fetch updates - TelegramConflictError: Telegram server says - Conflict: terminated by other getUpdates request; make sure that only one bot instance is running
2026-09-29 17:19:45,437 [WARNING] aiogram.dispatcher: Sleep for 4.866914 seconds and try again... (tryings = 501, bot id = 8707195513)
2026-09-29 17:19:55,281 [ERROR] aiogram.dispatcher: Failed to fetch updates - TelegramConflictError: Telegram server says - Conflict: terminated by other getUpdates request; make sure that only one bot instance is running
2026-09-29 17:19:55,281 [WARNING] aiogram.dispatcher: Sleep for 5.042449 seconds and try again... (tryings = 502, bot id = 8707195513)
2026-09-29 17:20:05,352 [ERROR] aiogram.dispatcher: Failed to fetch updates - TelegramConflictError: Telegram server says - Conflict: terminated by other getUpdates request; make sure that only one bot instance is running
2026-09-29 17:20:05,352 [WARNING] aiogram.dispatcher: Sleep for 4.987361 seconds and try again... (tryings = 503, bot id = 8707195513)
2026-09-29 17:20:15,673 [ERROR] aiogram.dispatcher: Failed to fetch updates - TelegramConflictError: Telegram server says - Conflict: terminated by other getUpdates request; make sure that only one bot instance is running
2026-09-29 17:20:15,673 [WARNING] aiogram.dispatcher: Sleep for 5.059850 seconds and try again... (tryings = 504, bot id = 8707195513)
2026-09-29 17:20:25,946 [ERROR] aiogram.dispatcher: Failed to fetch updates - TelegramConflictError: Telegram server says - Conflict: terminated by other getUpdates request; make sure that only one bot instance is running
2026-09-29 17:20:25,946 [WARNING] aiogram.dispatcher: Sleep for 4.851531 seconds and try again... (tryings = 505, bot id = 8707195513)
2026-09-29 17:20:35,843 [ERROR] aiogram.dispatcher: Failed to fetch updates - TelegramConflictError: Telegram server says - Conflict: terminated by other getUpdates request; make sure that only one bot instance is running
2026-09-29 17:20:35,843 [WARNING] aiogram.dispatcher: Sleep for 4.814558 seconds and try again... (tryings = 506, bot id = 8707195513)
2026-09-29 17:20:45,815 [ERROR] aiogram.dispatcher: Failed to fetch updates - TelegramConflictError: Telegram server says - Conflict: terminated by other getUpdates request; make sure that only one bot instance is running
2026-09-29 17:20:45,815 [WARNING] aiogram.dispatcher: Sleep for 4.903672 seconds and try again... (tryings = 507, bot id = 8707195513)
2026-09-29 17:20:55,714 [ERROR] aiogram.dispatcher: Failed to fetch updates - TelegramConflictError: Telegram server says - Conflict: terminated by other getUpdates request; make sure that only one bot instance is running
2026-09-29 17:20:55,715 [WARNING] aiogram.dispatcher: Sleep for 5.074595 seconds and try again... (tryings = 508, bot id = 8707195513)
2026-09-29 17:21:06,087 [ERROR] aiogram.dispatcher: Failed to fetch updates - TelegramConflictError: Telegram server says - Conflict: terminated by other getUpdates request; make sure that only one bot instance is running
2026-09-29 17:21:06,088 [WARNING] aiogram.dispatcher: Sleep for 5.041744 seconds and try again... (tryings = 509, bot id = 8707195513)
2026-09-29 17:21:16,214 [ERROR] aiogram.dispatcher: Failed to fetch updates - TelegramConflictError: Telegram server says - Conflict: terminated by other getUpdates request; make sure that only one bot instance is running
2026-09-29 17:21:16,214 [WARNING] aiogram.dispatcher: Sleep for 5.007994 seconds and try again... (tryings = 510, bot id = 8707195513)
2026-09-29 17:21:26,377 [ERROR] aiogram.dispatcher: Failed to fetch updates - TelegramConflictError: Telegram server says - Conflict: terminated by other getUpdates request; make sure that only one bot instance is running
2026-09-29 17:21:26,377 [WARNING] aiogram.dispatcher: Sleep for 4.866993 seconds and try again... (tryings = 511, bot id = 8707195513)
2026-09-29 17:21:36,329 [ERROR] aiogram.dispatcher: Failed to fetch updates - TelegramConflictError: Telegram server says - Conflict: terminated by other getUpdates request; make sure that only one bot instance is running
2026-09-29 17:21:36,329 [WARNING] aiogram.dispatcher: Sleep for 4.960139 seconds and try again... (tryings = 512, bot id = 8707195513)
2026-09-29 17:21:46,522 [ERROR] aiogram.dispatcher: Failed to fetch updates - TelegramConflictError: Telegram server says - Conflict: terminated by other getUpdates request; make sure that only one bot instance is running
2026-09-29 17:21:46,523 [WARNING] aiogram.dispatcher: Sleep for 5.036097 seconds and try again... (tryings = 513, bot id = 8707195513)
2026-09-29 17:21:56,658 [ERROR] aiogram.dispatcher: Failed to fetch updates - TelegramConflictError: Telegram server says - Conflict: terminated by other getUpdates request; make sure that only one bot instance is running
2026-09-29 17:21:56,658 [WARNING] aiogram.dispatcher: Sleep for 5.096006 seconds and try again... (tryings = 514, bot id = 8707195513)
2026-09-29 17:22:06,804 [ERROR] aiogram.dispatcher: Failed to fetch updates - TelegramConflictError: Telegram server says - Conflict: terminated by other getUpdates request; make sure that only one bot instance is running
2026-09-29 17:22:06,805 [WARNING] aiogram.dispatcher: Sleep for 5.086973 seconds and try again... (tryings = 515, bot id = 8707195513)
2026-09-29 17:22:16,973 [ERROR] aiogram.dispatcher: Failed to fetch updates - TelegramConflictError: Telegram server says - Conflict: terminated by other getUpdates request; make sure that only one bot instance is running
2026-09-29 17:22:16,973 [WARNING] aiogram.dispatcher: Sleep for 4.976530 seconds and try again... (tryings = 516, bot id = 8707195513)
2026-09-29 17:22:27,169 [ERROR] aiogram.dispatcher: Failed to fetch updates - TelegramConflictError: Telegram server says - Conflict: terminated by other getUpdates request; make sure that only one bot instance is running
2026-09-29 17:22:27,169 [WARNING] aiogram.dispatcher: Sleep for 4.717160 seconds and try again... (tryings = 517, bot id = 8707195513)
2026-09-29 17:22:36,878 [ERROR] aiogram.dispatcher: Failed to fetch updates - TelegramConflictError: Telegram server says - Conflict: terminated by other getUpdates request; make sure that only one bot instance is running
2026-09-29 17:22:36,878 [WARNING] aiogram.dispatcher: Sleep for 5.074388 seconds and try again... (tryings = 518, bot id = 8707195513)
2026-09-29 17:22:47,253 [ERROR] aiogram.dispatcher: Failed to fetch updates - TelegramConflictError: Telegram server says - Conflict: terminated by other getUpdates request; make sure that only one bot instance is running
2026-09-29 17:22:47,253 [WARNING] aiogram.dispatcher: Sleep for 4.956082 seconds and try again... (tryings = 519, bot id = 8707195513)
2026-09-29 17:22:57,358 [ERROR] aiogram.dispatcher: Failed to fetch updates - TelegramConflictError: Telegram server says - Conflict: terminated by other getUpdates request; make sure that only one bot instance is running
2026-09-29 17:22:57,359 [WARNING] aiogram.dispatcher: Sleep for 5.054314 seconds and try again... (tryings = 520, bot id = 8707195513)
2026-09-29 17:23:07,628 [ERROR] aiogram.dispatcher: Failed to fetch updates - TelegramConflictError: Telegram server says - Conflict: terminated by other getUpdates request; make sure that only one bot instance is running
2026-09-29 17:23:07,628 [WARNING] aiogram.dispatcher: Sleep for 5.064685 seconds and try again... (tryings = 521, bot id = 8707195513)
2026-09-29 17:23:17,979 [ERROR] aiogram.dispatcher: Failed to fetch updates - TelegramConflictError: Telegram server says - Conflict: terminated by other getUpdates request; make sure that only one bot instance is running
2026-09-29 17:23:17,980 [WARNING] aiogram.dispatcher: Sleep for 4.983780 seconds and try again... (tryings = 522, bot id = 8707195513)
2026-09-29 17:23:28,152 [ERROR] aiogram.dispatcher: Failed to fetch updates - TelegramConflictError: Telegram server says - Conflict: terminated by other getUpdates request; make sure that only one bot instance is running
2026-09-29 17:23:28,152 [WARNING] aiogram.dispatcher: Sleep for 5.084941 seconds and try again... (tryings = 523, bot id = 8707195513)
2026-09-29 17:23:38,475 [ERROR] aiogram.dispatcher: Failed to fetch updates - TelegramConflictError: Telegram server says - Conflict: terminated by other getUpdates request; make sure that only one bot instance is running
2026-09-29 17:23:38,475 [WARNING] aiogram.dispatcher: Sleep for 5.105810 seconds and try again... (tryings = 524, bot id = 8707195513)
2026-09-29 17:23:48,622 [ERROR] aiogram.dispatcher: Failed to fetch updates - TelegramConflictError: Telegram server says - Conflict: terminated by other getUpdates request; make sure that only one bot instance is running
2026-09-29 17:23:48,623 [WARNING] aiogram.dispatcher: Sleep for 5.131900 seconds and try again... (tryings = 525, bot id = 8707195513)
2026-09-29 17:23:58,932 [ERROR] aiogram.dispatcher: Failed to fetch updates - TelegramConflictError: Telegram server says - Conflict: terminated by other getUpdates request; make sure that only one bot instance is running
2026-09-29 17:23:58,932 [WARNING] aiogram.dispatcher: Sleep for 5.072079 seconds and try again... (tryings = 526, bot id = 8707195513)
2026-09-29 17:24:09,125 [ERROR] aiogram.dispatcher: Failed to fetch updates - TelegramConflictError: Telegram server says - Conflict: terminated by other getUpdates request; make sure that only one bot instance is running
2026-09-29 17:24:09,125 [WARNING] aiogram.dispatcher: Sleep for 5.033943 seconds and try again... (tryings = 527, bot id = 8707195513)
2026-09-29 17:24:19,424 [ERROR] aiogram.dispatcher: Failed to fetch updates - TelegramConflictError: Telegram server says - Conflict: terminated by other getUpdates request; make sure that only one bot instance is running
2026-09-29 17:24:19,424 [WARNING] aiogram.dispatcher: Sleep for 5.048496 seconds and try again... (tryings = 528, bot id = 8707195513)
2026-09-29 17:24:29,761 [ERROR] aiogram.dispatcher: Failed to fetch updates - TelegramConflictError: Telegram server says - Conflict: terminated by other getUpdates request; make sure that only one bot instance is running
2026-09-29 17:24:29,761 [WARNING] aiogram.dispatcher: Sleep for 4.720444 seconds and try again... (tryings = 529, bot id = 8707195513)
2026-09-29 17:24:39,764 [ERROR] aiogram.dispatcher: Failed to fetch updates - TelegramConflictError: Telegram server says - Conflict: terminated by other getUpdates request; make sure that only one bot instance is running
2026-09-29 17:24:39,764 [WARNING] aiogram.dispatcher: Sleep for 5.021978 seconds and try again... (tryings = 530, bot id = 8707195513)
2026-09-29 17:24:49,777 [ERROR] aiogram.dispatcher: Failed to fetch updates - TelegramConflictError: Telegram server says - Conflict: terminated by other getUpdates request; make sure that only one bot instance is running
2026-09-29 17:24:49,778 [WARNING] aiogram.dispatcher: Sleep for 4.919542 seconds and try again... (tryings = 531, bot id = 8707195513)
2026-09-29 17:24:59,628 [ERROR] aiogram.dispatcher: Failed to fetch updates - TelegramConflictError: Telegram server says - Conflict: terminated by other getUpdates request; make sure that only one bot instance is running
2026-09-29 17:24:59,628 [WARNING] aiogram.dispatcher: Sleep for 4.882226 seconds and try again... (tryings = 532, bot id = 8707195513)
2026-09-29 17:25:09,742 [ERROR] aiogram.dispatcher: Failed to fetch updates - TelegramConflictError: Telegram server says - Conflict: terminated by other getUpdates request; make sure that only one bot instance is running
2026-09-29 17:25:09,743 [WARNING] aiogram.dispatcher: Sleep for 5.014316 seconds and try again... (tryings = 533, bot id = 8707195513)
2026-09-29 17:25:19,984 [ERROR] aiogram.dispatcher: Failed to fetch updates - TelegramConflictError: Telegram server says - Conflict: terminated by other getUpdates request; make sure that only one bot instance is running
2026-09-29 17:25:19,985 [WARNING] aiogram.dispatcher: Sleep for 5.041678 seconds and try again... (tryings = 534, bot id = 8707195513)
2026-09-29 17:25:30,230 [ERROR] aiogram.dispatcher: Failed to fetch updates - TelegramConflictError: Telegram server says - Conflict: terminated by other getUpdates request; make sure that only one bot instance is running
2026-09-29 17:25:30,230 [WARNING] aiogram.dispatcher: Sleep for 4.937080 seconds and try again... (tryings = 535, bot id = 8707195513)
2026-09-29 17:25:40,196 [ERROR] aiogram.dispatcher: Failed to fetch updates - TelegramConflictError: Telegram server says - Conflict: terminated by other getUpdates request; make sure that only one bot instance is running
2026-09-29 17:25:40,196 [WARNING] aiogram.dispatcher: Sleep for 4.853820 seconds and try again... (tryings = 536, bot id = 8707195513)
2026-09-29 17:25:50,160 [ERROR] aiogram.dispatcher: Failed to fetch updates - TelegramConflictError: Telegram server says - Conflict: terminated by other getUpdates request; make sure that only one bot instance is running
2026-09-29 17:25:50,160 [WARNING] aiogram.dispatcher: Sleep for 5.002253 seconds and try again... (tryings = 537, bot id = 8707195513)
2026-09-29 17:26:00,014 [ERROR] aiogram.dispatcher: Failed to fetch updates - TelegramConflictError: Telegram server says - Conflict: terminated by other getUpdates request; make sure that only one bot instance is running
2026-09-29 17:26:00,014 [WARNING] aiogram.dispatcher: Sleep for 4.881123 seconds and try again... (tryings = 538, bot id = 8707195513)
2026-09-29 17:26:09,793 [ERROR] aiogram.dispatcher: Failed to fetch updates - TelegramConflictError: Telegram server says - Conflict: terminated by other getUpdates request; make sure that only one bot instance is running
2026-09-29 17:26:09,793 [WARNING] aiogram.dispatcher: Sleep for 5.031434 seconds and try again... (tryings = 539, bot id = 8707195513)
2026-09-29 17:26:20,022 [ERROR] aiogram.dispatcher: Failed to fetch updates - TelegramConflictError: Telegram server says - Conflict: terminated by other getUpdates request; make sure that only one bot instance is running
2026-09-29 17:26:20,022 [WARNING] aiogram.dispatcher: Sleep for 4.986151 seconds and try again... (tryings = 540, bot id = 8707195513)
2026-09-29 17:26:30,024 [ERROR] aiogram.dispatcher: Failed to fetch updates - TelegramConflictError: Telegram server says - Conflict: terminated by other getUpdates request; make sure that only one bot instance is running
2026-09-29 17:26:30,024 [WARNING] aiogram.dispatcher: Sleep for 4.996726 seconds and try again... (tryings = 541, bot id = 8707195513)
2026-09-29 17:26:40,128 [ERROR] aiogram.dispatcher: Failed to fetch updates - TelegramConflictError: Telegram server says - Conflict: terminated by other getUpdates request; make sure that only one bot instance is running
2026-09-29 17:26:40,129 [WARNING] aiogram.dispatcher: Sleep for 5.097385 seconds and try again... (tryings = 542, bot id = 8707195513)
2026-09-29 17:26:50,533 [ERROR] aiogram.dispatcher: Failed to fetch updates - TelegramConflictError: Telegram server says - Conflict: terminated by other getUpdates request; make sure that only one bot instance is running
2026-09-29 17:26:50,533 [WARNING] aiogram.dispatcher: Sleep for 4.995489 seconds and try again... (tryings = 543, bot id = 8707195513)
2026-09-29 17:27:00,890 [ERROR] aiogram.dispatcher: Failed to fetch updates - TelegramConflictError: Telegram server says - Conflict: terminated by other getUpdates request; make sure that only one bot instance is running
2026-09-29 17:27:00,890 [WARNING] aiogram.dispatcher: Sleep for 5.209777 seconds and try again... (tryings = 544, bot id = 8707195513)
2026-09-29 17:27:11,267 [ERROR] aiogram.dispatcher: Failed to fetch updates - TelegramConflictError: Telegram server says - Conflict: terminated by other getUpdates request; make sure that only one bot instance is running
2026-09-29 17:27:11,268 [WARNING] aiogram.dispatcher: Sleep for 4.985281 seconds and try again... (tryings = 545, bot id = 8707195513)
2026-09-29 17:27:21,436 [ERROR] aiogram.dispatcher: Failed to fetch updates - TelegramConflictError: Telegram server says - Conflict: terminated by other getUpdates request; make sure that only one bot instance is running
2026-09-29 17:27:21,436 [WARNING] aiogram.dispatcher: Sleep for 5.082945 seconds and try again... (tryings = 546, bot id = 8707195513)
2026-09-29 17:27:31,572 [ERROR] aiogram.dispatcher: Failed to fetch updates - TelegramConflictError: Telegram server says - Conflict: terminated by other getUpdates request; make sure that only one bot instance is running
2026-09-29 17:27:31,572 [WARNING] aiogram.dispatcher: Sleep for 4.915527 seconds and try again... (tryings = 547, bot id = 8707195513)
2026-09-29 17:27:41,704 [ERROR] aiogram.dispatcher: Failed to fetch updates - TelegramConflictError: Telegram server says - Conflict: terminated by other getUpdates request; make sure that only one bot instance is running
2026-09-29 17:27:41,704 [WARNING] aiogram.dispatcher: Sleep for 5.135289 seconds and try again... (tryings = 548, bot id = 8707195513)
2026-09-29 17:27:52,085 [ERROR] aiogram.dispatcher: Failed to fetch updates - TelegramConflictError: Telegram server says - Conflict: terminated by other getUpdates request; make sure that only one bot instance is running
2026-09-29 17:27:52,085 [WARNING] aiogram.dispatcher: Sleep for 5.118311 seconds and try again... (tryings = 549, bot id = 8707195513)
2026-09-29 17:28:02,219 [ERROR] aiogram.dispatcher: Failed to fetch updates - TelegramConflictError: Telegram server says - Conflict: terminated by other getUpdates request; make sure that only one bot instance is running
2026-09-29 17:28:02,219 [WARNING] aiogram.dispatcher: Sleep for 5.023136 seconds and try again... (tryings = 550, bot id = 8707195513)
2026-09-29 17:28:12,322 [ERROR] aiogram.dispatcher: Failed to fetch updates - TelegramConflictError: Telegram server says - Conflict: terminated by other getUpdates request; make sure that only one bot instance is running
2026-09-29 17:28:12,322 [WARNING] aiogram.dispatcher: Sleep for 4.964452 seconds and try again... (tryings = 551, bot id = 8707195513)
2026-09-29 17:28:22,263 [ERROR] aiogram.dispatcher: Failed to fetch updates - TelegramConflictError: Telegram server says - Conflict: terminated by other getUpdates request; make sure that only one bot instance is running
2026-09-29 17:28:22,264 [WARNING] aiogram.dispatcher: Sleep for 4.934454 seconds and try again... (tryings = 552, bot id = 8707195513)
2026-09-29 17:28:32,444 [ERROR] aiogram.dispatcher: Failed to fetch updates - TelegramConflictError: Telegram server says - Conflict: terminated by other getUpdates request; make sure that only one bot instance is running
2026-09-29 17:28:32,444 [WARNING] aiogram.dispatcher: Sleep for 5.033135 seconds and try again... (tryings = 553, bot id = 8707195513)
2026-09-29 17:28:42,571 [ERROR] aiogram.dispatcher: Failed to fetch updates - TelegramConflictError: Telegram server says - Conflict: terminated by other getUpdates request; make sure that only one bot instance is running
2026-09-29 17:28:42,571 [WARNING] aiogram.dispatcher: Sleep for 4.941769 seconds and try again... (tryings = 554, bot id = 8707195513)
2026-09-29 17:28:52,557 [ERROR] aiogram.dispatcher: Failed to fetch updates - TelegramConflictError: Telegram server says - Conflict: terminated by other getUpdates request; make sure that only one bot instance is running
2026-09-29 17:28:52,557 [WARNING] aiogram.dispatcher: Sleep for 5.092972 seconds and try again... (tryings = 555, bot id = 8707195513)
2026-09-29 17:29:02,672 [ERROR] aiogram.dispatcher: Failed to fetch updates - TelegramConflictError: Telegram server says - Conflict: terminated by other getUpdates request; make sure that only one bot instance is running
2026-09-29 17:29:02,672 [WARNING] aiogram.dispatcher: Sleep for 5.038740 seconds and try again... (tryings = 556, bot id = 8707195513)
2026-09-29 17:29:12,805 [ERROR] aiogram.dispatcher: Failed to fetch updates - TelegramConflictError: Telegram server says - Conflict: terminated by other getUpdates request; make sure that only one bot instance is running
2026-09-29 17:29:12,805 [WARNING] aiogram.dispatcher: Sleep for 4.932456 seconds and try again... (tryings = 557, bot id = 8707195513)
2026-09-29 17:29:22,851 [ERROR] aiogram.dispatcher: Failed to fetch updates - TelegramConflictError: Telegram server says - Conflict: terminated by other getUpdates request; make sure that only one bot instance is running
2026-09-29 17:29:22,851 [WARNING] aiogram.dispatcher: Sleep for 5.054627 seconds and try again... (tryings = 558, bot id = 8707195513)
2026-09-29 17:29:33,229 [ERROR] aiogram.dispatcher: Failed to fetch updates - TelegramConflictError: Telegram server says - Conflict: terminated by other getUpdates request; make sure that only one bot instance is running
2026-09-29 17:29:33,229 [WARNING] aiogram.dispatcher: Sleep for 5.204575 seconds and try again... (tryings = 559, bot id = 8707195513)
2026-09-29 17:29:43,593 [ERROR] aiogram.dispatcher: Failed to fetch updates - TelegramConflictError: Telegram server says - Conflict: terminated by other getUpdates request; make sure that only one bot instance is running
2026-09-29 17:29:43,593 [WARNING] aiogram.dispatcher: Sleep for 4.995765 seconds and try again... (tryings = 560, bot id = 8707195513)
2026-09-29 17:29:53,654 [ERROR] aiogram.dispatcher: Failed to fetch updates - TelegramConflictError: Telegram server says - Conflict: terminated by other getUpdates request; make sure that only one bot instance is running
2026-09-29 17:29:53,655 [WARNING] aiogram.dispatcher: Sleep for 5.163899 seconds and try again... (tryings = 561, bot id = 8707195513)
2026-09-29 17:30:03,899 [ERROR] aiogram.dispatcher: Failed to fetch updates - TelegramConflictError: Telegram server says - Conflict: terminated by other getUpdates request; make sure that only one bot instance is running
2026-09-29 17:30:03,899 [WARNING] aiogram.dispatcher: Sleep for 4.992511 seconds and try again... (tryings = 562, bot id = 8707195513)
2026-09-29 17:30:13,762 [ERROR] aiogram.dispatcher: Failed to fetch updates - TelegramConflictError: Telegram server says - Conflict: terminated by other getUpdates request; make sure that only one bot instance is running
2026-09-29 17:30:13,762 [WARNING] aiogram.dispatcher: Sleep for 4.936650 seconds and try again... (tryings = 563, bot id = 8707195513)
2026-09-29 17:30:23,915 [ERROR] aiogram.dispatcher: Failed to fetch updates - TelegramConflictError: Telegram server says - Conflict: terminated by other getUpdates request; make sure that only one bot instance is running
2026-09-29 17:30:23,916 [WARNING] aiogram.dispatcher: Sleep for 4.954494 seconds and try again... (tryings = 564, bot id = 8707195513)
2026-09-29 17:30:34,065 [ERROR] aiogram.dispatcher: Failed to fetch updates - TelegramConflictError: Telegram server says - Conflict: terminated by other getUpdates request; make sure that only one bot instance is running
2026-09-29 17:30:34,065 [WARNING] aiogram.dispatcher: Sleep for 4.984253 seconds and try again... (tryings = 565, bot id = 8707195513)
2026-09-29 17:30:44,234 [ERROR] aiogram.dispatcher: Failed to fetch updates - TelegramConflictError: Telegram server says - Conflict: terminated by other getUpdates request; make sure that only one bot instance is running
2026-09-29 17:30:44,234 [WARNING] aiogram.dispatcher: Sleep for 4.971682 seconds and try again... (tryings = 566, bot id = 8707195513)
2026-09-29 17:30:54,395 [ERROR] aiogram.dispatcher: Failed to fetch updates - TelegramConflictError: Telegram server says - Conflict: terminated by other getUpdates request; make sure that only one bot instance is running
2026-09-29 17:30:54,395 [WARNING] aiogram.dispatcher: Sleep for 4.973438 seconds and try again... (tryings = 567, bot id = 8707195513)
2026-09-29 17:31:04,619 [ERROR] aiogram.dispatcher: Failed to fetch updates - TelegramConflictError: Telegram server says - Conflict: terminated by other getUpdates request; make sure that only one bot instance is running
2026-09-29 17:31:04,619 [WARNING] aiogram.dispatcher: Sleep for 4.859691 seconds and try again... (tryings = 568, bot id = 8707195513)
2026-09-29 17:31:14,505 [ERROR] aiogram.dispatcher: Failed to fetch updates - TelegramConflictError: Telegram server says - Conflict: terminated by other getUpdates request; make sure that only one bot instance is running
2026-09-29 17:31:14,505 [WARNING] aiogram.dispatcher: Sleep for 5.068828 seconds and try again... (tryings = 569, bot id = 8707195513)
2026-09-29 17:31:24,785 [ERROR] aiogram.dispatcher: Failed to fetch updates - TelegramConflictError: Telegram server says - Conflict: terminated by other getUpdates request; make sure that only one bot instance is running
2026-09-29 17:31:24,785 [WARNING] aiogram.dispatcher: Sleep for 5.053057 seconds and try again... (tryings = 570, bot id = 8707195513)
2026-09-29 17:31:35,164 [ERROR] aiogram.dispatcher: Failed to fetch updates - TelegramConflictError: Telegram server says - Conflict: terminated by other getUpdates request; make sure that only one bot instance is running
2026-09-29 17:31:35,164 [WARNING] aiogram.dispatcher: Sleep for 4.965085 seconds and try again... (tryings = 571, bot id = 8707195513)
2026-09-29 17:31:45,485 [ERROR] aiogram.dispatcher: Failed to fetch updates - TelegramConflictError: Telegram server says - Conflict: terminated by other getUpdates request; make sure that only one bot instance is running
2026-09-29 17:31:45,486 [WARNING] aiogram.dispatcher: Sleep for 4.982975 seconds and try again... (tryings = 572, bot id = 8707195513)
2026-09-29 17:31:55,677 [ERROR] aiogram.dispatcher: Failed to fetch updates - TelegramConflictError: Telegram server says - Conflict: terminated by other getUpdates request; make sure that only one bot instance is running
2026-09-29 17:31:55,677 [WARNING] aiogram.dispatcher: Sleep for 5.140924 seconds and try again... (tryings = 573, bot id = 8707195513)
2026-09-29 17:32:06,013 [ERROR] aiogram.dispatcher: Failed to fetch updates - TelegramConflictError: Telegram server says - Conflict: terminated by other getUpdates request; make sure that only one bot instance is running
2026-09-29 17:32:06,013 [WARNING] aiogram.dispatcher: Sleep for 4.871865 seconds and try again... (tryings = 574, bot id = 8707195513)
2026-09-29 17:32:16,069 [ERROR] aiogram.dispatcher: Failed to fetch updates - TelegramConflictError: Telegram server says - Conflict: terminated by other getUpdates request; make sure that only one bot instance is running
2026-09-29 17:32:16,069 [WARNING] aiogram.dispatcher: Sleep for 5.046504 seconds and try again... (tryings = 575, bot id = 8707195513)
2026-09-29 17:32:26,128 [ERROR] aiogram.dispatcher: Failed to fetch updates - TelegramConflictError: Telegram server says - Conflict: terminated by other getUpdates request; make sure that only one bot instance is running
2026-09-29 17:32:26,129 [WARNING] aiogram.dispatcher: Sleep for 4.952796 seconds and try again... (tryings = 576, bot id = 8707195513)
2026-09-29 17:32:36,340 [ERROR] aiogram.dispatcher: Failed to fetch updates - TelegramConflictError: Telegram server says - Conflict: terminated by other getUpdates request; make sure that only one bot instance is running
2026-09-29 17:32:36,340 [WARNING] aiogram.dispatcher: Sleep for 4.799700 seconds and try again... (tryings = 577, bot id = 8707195513)
2026-09-29 17:32:46,446 [ERROR] aiogram.dispatcher: Failed to fetch updates - TelegramConflictError: Telegram server says - Conflict: terminated by other getUpdates request; make sure that only one bot instance is running
2026-09-29 17:32:46,447 [WARNING] aiogram.dispatcher: Sleep for 5.106766 seconds and try again... (tryings = 578, bot id = 8707195513)
2026-09-29 17:32:56,947 [ERROR] aiogram.dispatcher: Failed to fetch updates - TelegramConflictError: Telegram server says - Conflict: terminated by other getUpdates request; make sure that only one bot instance is running
2026-09-29 17:32:56,947 [WARNING] aiogram.dispatcher: Sleep for 5.112918 seconds and try again... (tryings = 579, bot id = 8707195513)
2026-09-29 17:33:07,202 [ERROR] aiogram.dispatcher: Failed to fetch updates - TelegramConflictError: Telegram server says - Conflict: terminated by other getUpdates request; make sure that only one bot instance is running
2026-09-29 17:33:07,202 [WARNING] aiogram.dispatcher: Sleep for 4.899910 seconds and try again... (tryings = 580, bot id = 8707195513)
2026-09-29 17:33:17,251 [ERROR] aiogram.dispatcher: Failed to fetch updates - TelegramConflictError: Telegram server says - Conflict: terminated by other getUpdates request; make sure that only one bot instance is running
2026-09-29 17:33:17,251 [WARNING] aiogram.dispatcher: Sleep for 4.979168 seconds and try again... (tryings = 581, bot id = 8707195513)
2026-09-29 17:33:27,349 [ERROR] aiogram.dispatcher: Failed to fetch updates - TelegramConflictError: Telegram server says - Conflict: terminated by other getUpdates request; make sure that only one bot instance is running
2026-09-29 17:33:27,349 [WARNING] aiogram.dispatcher: Sleep for 5.033630 seconds and try again... (tryings = 582, bot id = 8707195513)
2026-09-29 17:33:37,443 [ERROR] aiogram.dispatcher: Failed to fetch updates - TelegramConflictError: Telegram server says - Conflict: terminated by other getUpdates request; make sure that only one bot instance is running
2026-09-29 17:33:37,443 [WARNING] aiogram.dispatcher: Sleep for 4.908493 seconds and try again... (tryings = 583, bot id = 8707195513)
2026-09-29 17:33:47,541 [ERROR] aiogram.dispatcher: Failed to fetch updates - TelegramConflictError: Telegram server says - Conflict: terminated by other getUpdates request; make sure that only one bot instance is running
2026-09-29 17:33:47,541 [WARNING] aiogram.dispatcher: Sleep for 4.803506 seconds and try again... (tryings = 584, bot id = 8707195513)
2026-09-29 17:33:57,550 [ERROR] aiogram.dispatcher: Failed to fetch updates - TelegramConflictError: Telegram server says - Conflict: terminated by other getUpdates request; make sure that only one bot instance is running
2026-09-29 17:33:57,550 [WARNING] aiogram.dispatcher: Sleep for 5.082268 seconds and try again... (tryings = 585, bot id = 8707195513)
2026-09-29 17:34:07,771 [ERROR] aiogram.dispatcher: Failed to fetch updates - TelegramConflictError: Telegram server says - Conflict: terminated by other getUpdates request; make sure that only one bot instance is running
2026-09-29 17:34:07,771 [WARNING] aiogram.dispatcher: Sleep for 5.024782 seconds and try again... (tryings = 586, bot id = 8707195513)
2026-09-29 17:34:17,915 [ERROR] aiogram.dispatcher: Failed to fetch updates - TelegramConflictError: Telegram server says - Conflict: terminated by other getUpdates request; make sure that only one bot instance is running
2026-09-29 17:34:17,916 [WARNING] aiogram.dispatcher: Sleep for 4.983947 seconds and try again... (tryings = 587, bot id = 8707195513)
2026-09-29 17:34:27,954 [ERROR] aiogram.dispatcher: Failed to fetch updates - TelegramConflictError: Telegram server says - Conflict: terminated by other getUpdates request; make sure that only one bot instance is running
2026-09-29 17:34:27,955 [WARNING] aiogram.dispatcher: Sleep for 5.040175 seconds and try again... (tryings = 588, bot id = 8707195513)
2026-09-29 17:34:38,066 [ERROR] aiogram.dispatcher: Failed to fetch updates - TelegramConflictError: Telegram server says - Conflict: terminated by other getUpdates request; make sure that only one bot instance is running
2026-09-29 17:34:38,066 [WARNING] aiogram.dispatcher: Sleep for 4.858018 seconds and try again... (tryings = 589, bot id = 8707195513)
2026-09-29 17:34:52,988 [INFO] aiogram.dispatcher: Connection established (tryings = 590, bot id = 8707195513)
2026-09-29 17:36:03,505 [ERROR] aiogram.dispatcher: Failed to fetch updates - TelegramConflictError: Telegram server says - Conflict: terminated by other getUpdates request; make sure that only one bot instance is running
2026-09-29 17:36:03,505 [WARNING] aiogram.dispatcher: Sleep for 1.000000 seconds and try again... (tryings = 0, bot id = 8707195513)
2026-09-29 17:36:12,668 [ERROR] aiogram.dispatcher: Failed to fetch updates - TelegramConflictError: Telegram server says - Conflict: terminated by other getUpdates request; make sure that only one bot instance is running
2026-09-29 17:36:12,669 [WARNING] aiogram.dispatcher: Sleep for 1.363243 seconds and try again... (tryings = 1, bot id = 8707195513)
2026-09-29 17:36:22,098 [ERROR] aiogram.dispatcher: Failed to fetch updates - TelegramConflictError: Telegram server says - Conflict: terminated by other getUpdates request; make sure that only one bot instance is running
2026-09-29 17:36:22,098 [WARNING] aiogram.dispatcher: Sleep for 1.790642 seconds and try again... (tryings = 2, bot id = 8707195513)
2026-09-29 17:36:31,945 [ERROR] aiogram.dispatcher: Failed to fetch updates - TelegramConflictError: Telegram server says - Conflict: terminated by other getUpdates request; make sure that only one bot instance is running
2026-09-29 17:36:31,945 [WARNING] aiogram.dispatcher: Sleep for 2.272742 seconds and try again... (tryings = 3, bot id = 8707195513)
2026-09-29 17:36:42,359 [ERROR] aiogram.dispatcher: Failed to fetch updates - TelegramConflictError: Telegram server says - Conflict: terminated by other getUpdates request; make sure that only one bot instance is running
2026-09-29 17:36:42,359 [WARNING] aiogram.dispatcher: Sleep for 3.031349 seconds and try again... (tryings = 4, bot id = 8707195513)
2026-09-29 17:36:50,492 [ERROR] aiogram.dispatcher: Failed to fetch updates - TelegramConflictError: Telegram server says - Conflict: terminated by other getUpdates request; make sure that only one bot instance is running
2026-09-29 17:36:50,492 [WARNING] aiogram.dispatcher: Sleep for 3.887996 seconds and try again... (tryings = 5, bot id = 8707195513)
2026-09-29 17:36:59,465 [ERROR] aiogram.dispatcher: Failed to fetch updates - TelegramConflictError: Telegram server says - Conflict: terminated by other getUpdates request; make sure that only one bot instance is running
2026-09-29 17:36:59,466 [WARNING] aiogram.dispatcher: Sleep for 4.873965 seconds and try again... (tryings = 6, bot id = 8707195513)
2026-09-29 17:37:09,503 [ERROR] aiogram.dispatcher: Failed to fetch updates - TelegramConflictError: Telegram server says - Conflict: terminated by other getUpdates request; make sure that only one bot instance is running
2026-09-29 17:37:09,503 [WARNING] aiogram.dispatcher: Sleep for 4.998651 seconds and try again... (tryings = 7, bot id = 8707195513)
2026-09-29 17:37:19,687 [ERROR] aiogram.dispatcher: Failed to fetch updates - TelegramConflictError: Telegram server says - Conflict: terminated by other getUpdates request; make sure that only one bot instance is running
2026-09-29 17:37:19,687 [WARNING] aiogram.dispatcher: Sleep for 4.814795 seconds and try again... (tryings = 8, bot id = 8707195513)
2026-09-29 17:37:29,695 [ERROR] aiogram.dispatcher: Failed to fetch updates - TelegramConflictError: Telegram server says - Conflict: terminated by other getUpdates request; make sure that only one bot instance is running
2026-09-29 17:37:29,695 [WARNING] aiogram.dispatcher: Sleep for 4.991318 seconds and try again... (tryings = 9, bot id = 8707195513)
2026-09-29 17:37:39,949 [ERROR] aiogram.dispatcher: Failed to fetch updates - TelegramConflictError: Telegram server says - Conflict: terminated by other getUpdates request; make sure that only one bot instance is running
2026-09-29 17:37:39,949 [WARNING] aiogram.dispatcher: Sleep for 4.954495 seconds and try again... (tryings = 10, bot id = 8707195513)
2026-09-29 17:37:50,061 [ERROR] aiogram.dispatcher: Failed to fetch updates - TelegramConflictError: Telegram server says - Conflict: terminated by other getUpdates request; make sure that only one bot instance is running
2026-09-29 17:37:50,061 [WARNING] aiogram.dispatcher: Sleep for 5.031281 seconds and try again... (tryings = 11, bot id = 8707195513)
